tradedate,secid,shortname,volume,close,dividends_value,currencyid
2014-06-09,PLZL,Полюс,7686,511.6,,
2014-06-10,PLZL,Полюс,11410,507.0,,
2014-06-11,PLZL,Полюс,24528,512.8,,
2014-06-16,PLZL,Полюс,13178,517.0,,
2014-06-17,PLZL,Полюс,7502,513.1,,
2014-06-18,PLZL,Полюс,13739,511.2,,
2014-06-19,PLZL,Полюс,37300,502.5,,
2014-06-20,PLZL,Полюс,40861,504.6,,
2014-06-23,PLZL,Полюс,12107,502.0,,
2014-06-24,PLZL,Полюс,26728,499.7,,
2014-06-25,PLZL,Полюс,43112,484.8,,
2014-06-26,PLZL,Полюс,44231,478.9,,
2014-06-27,PLZL,Полюс,13604,483.0,,
2014-06-30,PLZL,Полюс,5049,482.0,,
2014-07-01,PLZL,Полюс,18706,485.2,,
2014-07-02,PLZL,Полюс,10889,482.0,,
2014-07-03,PLZL,Полюс,10749,479.7,,
2014-07-04,PLZL,Полюс,8652,478.0,,
2014-07-07,PLZL,Полюс,7128,481.3,,
2014-07-08,PLZL,Полюс,10475,480.1,,
2014-07-09,PLZL,Полюс,4176,481.2,,
2014-07-10,PLZL,Полюс,11920,477.2,,
2014-07-11,PLZL,Полюс,3126,477.2,,
2014-07-14,PLZL,Полюс,9688,473.0,,
2014-07-15,PLZL,Полюс,34082,465.9,,
2014-07-16,PLZL,Полюс,85087,506.0,,
2014-07-17,PLZL,Полюс,62470,524.0,,
2014-07-18,PLZL,Полюс,47762,519.9,,
2014-07-21,PLZL,Полюс,22948,496.0,,
2014-07-22,PLZL,Полюс,9839,504.7,,
2014-07-23,PLZL,Полюс,15225,515.0,,
2014-07-24,PLZL,Полюс,12757,500.8,,
2014-07-25,PLZL,Полюс,3343,500.5,,
2014-07-28,PLZL,Полюс,10875,490.4,,
2014-07-29,PLZL,Полюс,8208,489.7,,
2014-07-30,PLZL,Полюс,4902,481.2,,
2014-07-31,PLZL,Полюс,6359,482.1,,
2014-08-01,PLZL,Полюс,8050,481.5,,
2014-08-04,PLZL,Полюс,4330,485.5,,
2014-08-05,PLZL,Полюс,2959,488.0,,
2014-08-06,PLZL,Полюс,6395,496.5,,
2014-08-07,PLZL,Полюс,12848,485.6,,
2014-08-08,PLZL,Полюс,4971,489.1,,
2014-08-11,PLZL,Полюс,6491,495.4,,
2014-08-12,PLZL,Полюс,2663,490.0,,
2014-08-13,PLZL,Полюс,4522,497.5,,
2014-08-14,PLZL,Полюс,3580,496.0,,
2014-08-15,PLZL,Полюс,8129,492.9,,
2014-08-18,PLZL,Полюс,2278,489.0,,
2014-08-19,PLZL,Полюс,3761,488.7,,
2014-08-20,PLZL,Полюс,4121,494.5,,
2014-08-21,PLZL,Полюс,5076,493.0,,
2014-08-22,PLZL,Полюс,6028,496.0,,
2014-08-25,PLZL,Полюс,7437,494.5,,
2014-08-26,PLZL,Полюс,4641,493.3,,
2014-08-27,PLZL,Полюс,5362,498.5,,
2014-08-28,PLZL,Полюс,15165,500.0,,
2014-08-29,PLZL,Полюс,5808,498.0,,
2014-09-01,PLZL,Полюс,4517,502.0,,
2014-09-02,PLZL,Полюс,3404,499.5,,
2014-09-03,PLZL,Полюс,5091,500.5,,
2014-09-04,PLZL,Полюс,7285,499.3,,
2014-09-05,PLZL,Полюс,5393,499.2,,
2014-09-08,PLZL,Полюс,5713,500.0,,
2014-09-09,PLZL,Полюс,2908,499.4,,
2014-09-10,PLZL,Полюс,2743,498.9,,
2014-09-11,PLZL,Полюс,3276,498.8,,
2014-09-12,PLZL,Полюс,5608,498.9,,
2014-09-15,PLZL,Полюс,2420,495.6,,
2014-09-16,PLZL,Полюс,4713,496.5,,
2014-09-17,PLZL,Полюс,9673,490.1,,
2014-09-18,PLZL,Полюс,5357,487.5,,
2014-09-19,PLZL,Полюс,12501,509.0,,
2014-09-22,PLZL,Полюс,10505,493.9,,
2014-09-23,PLZL,Полюс,15230,496.1,,
2014-09-24,PLZL,Полюс,8405,502.0,,
2014-09-25,PLZL,Полюс,3960,499.1,,
2014-09-26,PLZL,Полюс,4261,497.0,,
2014-09-29,PLZL,Полюс,3334,496.8,,
2014-09-30,PLZL,Полюс,3605,493.9,,
2014-10-01,PLZL,Полюс,3441,492.5,,
2014-10-02,PLZL,Полюс,4008,491.5,,
2014-10-03,PLZL,Полюс,1862,494.0,,
2014-10-06,PLZL,Полюс,2987,494.0,,
2014-10-07,PLZL,Полюс,2532,490.0,,
2014-10-08,PLZL,Полюс,7099,487.5,,
2014-10-09,PLZL,Полюс,1590,490.0,,
2014-10-10,PLZL,Полюс,5128,483.5,,
2014-10-13,PLZL,Полюс,4871,484.0,,
2014-10-14,PLZL,Полюс,3661,479.5,,
2014-10-15,PLZL,Полюс,4983,475.0,,
2014-10-16,PLZL,Полюс,5521,471.0,,
2014-10-17,PLZL,Полюс,2734,471.0,,
2014-10-20,PLZL,Полюс,19140,469.5,,
2014-10-21,PLZL,Полюс,3597,470.0,,
2014-10-22,PLZL,Полюс,3570,467.0,,
2014-10-23,PLZL,Полюс,5560,461.5,,
2014-10-24,PLZL,Полюс,1738,461.0,,
2014-10-27,PLZL,Полюс,3897,459.0,,
2014-10-28,PLZL,Полюс,7672,461.0,,
2014-10-29,PLZL,Полюс,9049,468.0,,
2014-10-30,PLZL,Полюс,9595,469.0,,
2014-10-31,PLZL,Полюс,9199,478.0,,
2014-11-03,PLZL,Полюс,564,476.0,,
2014-11-05,PLZL,Полюс,9319,475.0,,
2014-11-06,PLZL,Полюс,29811,477.5,,
2014-11-07,PLZL,Полюс,6106,477.5,,
2014-11-10,PLZL,Полюс,9702,483.0,,
2014-11-11,PLZL,Полюс,5729,478.0,,
2014-11-12,PLZL,Полюс,8560,472.5,,
2014-11-13,PLZL,Полюс,7183,471.5,,
2014-11-14,PLZL,Полюс,9976,473.5,,
2014-11-17,PLZL,Полюс,3660,470.0,,
2014-11-18,PLZL,Полюс,17314,482.0,,
2014-11-19,PLZL,Полюс,100288,529.0,,
2014-11-20,PLZL,Полюс,46554,523.5,,
2014-11-21,PLZL,Полюс,25161,529.5,,
2014-11-24,PLZL,Полюс,68694,580.0,,
2014-11-25,PLZL,Полюс,167846,656.5,,
2014-11-26,PLZL,Полюс,390869,759.0,,
2014-11-27,PLZL,Полюс,212457,740.0,,
2014-11-28,PLZL,Полюс,96366,706.0,,
2014-12-01,PLZL,Полюс,185873,755.5,,
2014-12-02,PLZL,Полюс,218716,879.0,,
2014-12-03,PLZL,Полюс,323768,1040.0,,
2014-12-04,PLZL,Полюс,364439,1209.0,,
2014-12-05,PLZL,Полюс,240480,1055.0,,
2014-12-08,PLZL,Полюс,187333,1070.0,,
2014-12-09,PLZL,Полюс,150212,1166.0,,
2014-12-10,PLZL,Полюс,102144,1143.5,,
2014-12-11,PLZL,Полюс,73991,1070.0,,
2014-12-12,PLZL,Полюс,51003,1052.0,,
2014-12-15,PLZL,Полюс,74629,999.0,,
2014-12-16,PLZL,Полюс,102695,1000.0,,
2014-12-17,PLZL,Полюс,26034,1015.0,,
2014-12-18,PLZL,Полюс,56818,1006.0,,
2014-12-19,PLZL,Полюс,33985,975.0,,
2014-12-22,PLZL,Полюс,20974,999.5,,
2014-12-23,PLZL,Полюс,12073,1000.0,,
2014-12-24,PLZL,Полюс,67888,1071.5,,
2014-12-25,PLZL,Полюс,57209,1105.0,,
2014-12-26,PLZL,Полюс,38496,1050.0,,
2014-12-29,PLZL,Полюс,16013,1000.0,,
2014-12-30,PLZL,Полюс,18784,997.5,,
2015-01-05,PLZL,Полюс,2031,1000.5,,
2015-01-06,PLZL,Полюс,16827,1047.0,,
2015-01-08,PLZL,Полюс,11605,1060.0,,
2015-01-09,PLZL,Полюс,9443,1050.0,,
2015-01-12,PLZL,Полюс,18363,1020.0,,
2015-01-13,PLZL,Полюс,14926,1035.5,,
2015-01-14,PLZL,Полюс,11302,1024.0,,
2015-01-15,PLZL,Полюс,18767,1045.0,,
2015-01-16,PLZL,Полюс,15221,1076.0,,
2015-01-19,PLZL,Полюс,42338,1090.0,,
2015-01-20,PLZL,Полюс,17765,1119.0,,
2015-01-21,PLZL,Полюс,15838,1120.0,,
2015-01-22,PLZL,Полюс,18147,1119.0,,
2015-01-23,PLZL,Полюс,21547,1070.0,,
2015-01-26,PLZL,Полюс,13498,1051.0,,
2015-01-27,PLZL,Полюс,19432,1040.0,,
2015-01-28,PLZL,Полюс,10566,1055.0,,
2015-01-29,PLZL,Полюс,10744,1055.0,,
2015-01-30,PLZL,Полюс,35185,1049.5,,
2015-02-02,PLZL,Полюс,9240,1046.5,,
2015-02-03,PLZL,Полюс,24866,1054.0,,
2015-02-04,PLZL,Полюс,8270,1052.0,,
2015-02-05,PLZL,Полюс,7206,1061.0,,
2015-02-06,PLZL,Полюс,8874,1060.0,,
2015-02-09,PLZL,Полюс,6063,1069.0,,
2015-02-10,PLZL,Полюс,2103,1063.0,,
2015-02-11,PLZL,Полюс,44939,1136.0,,
2015-02-12,PLZL,Полюс,35702,1100.5,,
2015-02-13,PLZL,Полюс,12923,1112.0,,
2015-02-16,PLZL,Полюс,10119,1150.0,,
2015-02-17,PLZL,Полюс,20689,1130.5,,
2015-02-18,PLZL,Полюс,42811,1118.5,,
2015-02-19,PLZL,Полюс,24952,1110.0,,
2015-02-20,PLZL,Полюс,167520,1096.0,,
2015-02-24,PLZL,Полюс,5522,1100.0,,
2015-02-25,PLZL,Полюс,51214,1105.0,,
2015-02-26,PLZL,Полюс,29618,1111.5,,
2015-02-27,PLZL,Полюс,38586,1110.0,,
2015-03-02,PLZL,Полюс,7651,1130.0,,
2015-03-03,PLZL,Полюс,21857,1138.0,,
2015-03-04,PLZL,Полюс,4852,1134.5,,
2015-03-05,PLZL,Полюс,9956,1138.5,,
2015-03-06,PLZL,Полюс,45275,1125.5,,
2015-03-10,PLZL,Полюс,12389,1116.5,,
2015-03-11,PLZL,Полюс,6802,1118.0,,
2015-03-12,PLZL,Полюс,5849,1125.5,,
2015-03-13,PLZL,Полюс,3979,1116.0,,
2015-03-16,PLZL,Полюс,9132,1065.0,,
2015-03-17,PLZL,Полюс,25340,1000.0,,
2015-03-18,PLZL,Полюс,3398,998.0,,
2015-03-19,PLZL,Полюс,9085,1045.0,,
2015-03-20,PLZL,Полюс,2631,1042.5,,
2015-03-23,PLZL,Полюс,5402,1008.0,,
2015-03-24,PLZL,Полюс,2045,1013.0,,
2015-03-25,PLZL,Полюс,6344,1001.5,,
2015-03-26,PLZL,Полюс,4991,1002.0,,
2015-03-27,PLZL,Полюс,22951,1066.0,,
2015-03-30,PLZL,Полюс,8122,1028.0,,
2015-03-31,PLZL,Полюс,3027,1016.5,,
2015-04-01,PLZL,Полюс,1818,1028.0,,
2015-04-02,PLZL,Полюс,4807,1011.0,,
2015-04-03,PLZL,Полюс,2748,1013.0,,
2015-04-06,PLZL,Полюс,2961,1016.5,,
2015-04-07,PLZL,Полюс,5201,1027.5,,
2015-04-08,PLZL,Полюс,6769,1022.0,,
2015-04-09,PLZL,Полюс,6466,1025.0,,
2015-04-10,PLZL,Полюс,12479,1035.0,,
2015-04-13,PLZL,Полюс,7580,1059.5,,
2015-04-14,PLZL,Полюс,8993,1045.0,,
2015-04-15,PLZL,Полюс,21854,1090.0,,
2015-04-16,PLZL,Полюс,33830,1120.5,,
2015-04-17,PLZL,Полюс,22453,1143.0,,
2015-04-20,PLZL,Полюс,19884,1175.0,,
2015-04-21,PLZL,Полюс,26370,1220.0,,
2015-04-22,PLZL,Полюс,62119,1316.0,,
2015-04-23,PLZL,Полюс,40351,1270.5,,
2015-04-24,PLZL,Полюс,32816,1324.5,,
2015-04-27,PLZL,Полюс,26358,1400.0,,
2015-04-28,PLZL,Полюс,69325,1501.5,,
2015-04-29,PLZL,Полюс,63017,1515.0,,
2015-04-30,PLZL,Полюс,39683,1545.0,,
2015-05-05,PLZL,Полюс,38999,1587.5,,
2015-05-06,PLZL,Полюс,23970,1610.0,,
2015-05-07,PLZL,Полюс,24881,1665.5,,
2015-05-08,PLZL,Полюс,27527,1691.0,,
2015-05-12,PLZL,Полюс,51553,1590.0,,
2015-05-13,PLZL,Полюс,21441,1605.5,,
2015-05-14,PLZL,Полюс,12391,1585.0,,
2015-05-15,PLZL,Полюс,21246,1600.0,,
2015-05-18,PLZL,Полюс,13498,1613.5,,
2015-05-19,PLZL,Полюс,17473,1621.5,,
2015-05-20,PLZL,Полюс,17135,1637.0,,
2015-05-21,PLZL,Полюс,12835,1612.0,,
2015-05-22,PLZL,Полюс,10556,1612.0,,
2015-05-25,PLZL,Полюс,14641,1607.5,,
2015-05-26,PLZL,Полюс,8387,1606.5,,
2015-05-27,PLZL,Полюс,3076,1601.5,,
2015-05-28,PLZL,Полюс,23736,1591.5,,
2015-05-29,PLZL,Полюс,6185,1575.0,,
2015-06-01,PLZL,Полюс,5134,1567.0,,
2015-06-02,PLZL,Полюс,4339,1515.0,,
2015-06-03,PLZL,Полюс,6098,1510.0,,
2015-06-04,PLZL,Полюс,5166,1483.0,,
2015-06-05,PLZL,Полюс,2631,1475.5,,
2015-06-08,PLZL,Полюс,7346,1510.0,,
2015-06-09,PLZL,Полюс,5548,1540.0,,
2015-06-10,PLZL,Полюс,10654,1640.0,,
2015-06-11,PLZL,Полюс,20798,1712.0,,
2015-06-15,PLZL,Полюс,18956,1798.5,,
2015-06-16,PLZL,Полюс,16256,1804.5,,
2015-06-17,PLZL,Полюс,11013,1805.0,,
2015-06-18,PLZL,Полюс,18547,1812.0,,
2015-06-19,PLZL,Полюс,23565,1806.0,,
2015-06-22,PLZL,Полюс,4244,1804.5,,
2015-06-23,PLZL,Полюс,3753,1800.5,,
2015-06-24,PLZL,Полюс,5072,1804.0,,
2015-06-25,PLZL,Полюс,4453,1800.0,,
2015-06-26,PLZL,Полюс,21258,1795.0,,
2015-06-29,PLZL,Полюс,4019,1801.5,,
2015-06-30,PLZL,Полюс,20592,1710.0,,
2015-07-01,PLZL,Полюс,88466,1710.0,,
2015-07-02,PLZL,Полюс,87231,1730.0,,
2015-07-03,PLZL,Полюс,20443,1690.0,,
2015-07-06,PLZL,Полюс,55242,1710.0,,
2015-07-07,PLZL,Полюс,79121,1706.0,,
2015-07-08,PLZL,Полюс,14906,1739.5,,
2015-07-09,PLZL,Полюс,11160,1786.0,,
2015-07-10,PLZL,Полюс,5166,1801.0,,
2015-07-13,PLZL,Полюс,16116,1783.0,,
2015-07-14,PLZL,Полюс,4722,1821.0,,
2015-07-15,PLZL,Полюс,11240,1824.0,,
2015-07-16,PLZL,Полюс,1915,1810.0,,
2015-07-17,PLZL,Полюс,8492,1830.0,,
2015-07-20,PLZL,Полюс,5999,1807.0,,
2015-07-21,PLZL,Полюс,5222,1810.5,,
2015-07-22,PLZL,Полюс,2574,1810.5,,
2015-07-23,PLZL,Полюс,10742,1786.5,,
2015-07-24,PLZL,Полюс,4985,1777.0,,
2015-07-27,PLZL,Полюс,3526,1803.5,,
2015-07-28,PLZL,Полюс,11349,1807.5,,
2015-07-29,PLZL,Полюс,1006,1805.0,,
2015-07-30,PLZL,Полюс,1992,1805.0,,
2015-07-31,PLZL,Полюс,6335,1800.0,,
2015-08-03,PLZL,Полюс,4014,1800.0,,
2015-08-04,PLZL,Полюс,5102,1815.0,,
2015-08-05,PLZL,Полюс,8873,1835.0,,
2015-08-06,PLZL,Полюс,7371,1875.0,,
2015-08-07,PLZL,Полюс,28530,2060.0,,
2015-08-10,PLZL,Полюс,19608,2280.0,,
2015-08-11,PLZL,Полюс,14408,2200.0,,
2015-08-12,PLZL,Полюс,26502,2430.0,,
2015-08-13,PLZL,Полюс,33746,2360.0,,
2015-08-14,PLZL,Полюс,15665,2365.0,,
2015-08-17,PLZL,Полюс,8393,2260.0,,
2015-08-18,PLZL,Полюс,6766,2200.0,,
2015-08-19,PLZL,Полюс,14114,2305.0,,
2015-08-20,PLZL,Полюс,15352,2250.0,,
2015-08-21,PLZL,Полюс,9420,2315.0,,
2015-08-24,PLZL,Полюс,17963,2215.0,,
2015-08-25,PLZL,Полюс,13083,2230.0,,
2015-08-26,PLZL,Полюс,11512,2230.0,,
2015-08-27,PLZL,Полюс,6868,2280.0,,
2015-08-28,PLZL,Полюс,29683,2370.0,,
2015-08-31,PLZL,Полюс,7227,2370.0,,
2015-09-01,PLZL,Полюс,12971,2465.0,,
2015-09-02,PLZL,Полюс,15462,2500.0,,
2015-09-03,PLZL,Полюс,16471,2615.0,,
2015-09-04,PLZL,Полюс,12643,2650.0,,
2015-09-07,PLZL,Полюс,20238,2710.0,,
2015-09-08,PLZL,Полюс,20184,2935.0,,
2015-09-09,PLZL,Полюс,32589,2895.0,,
2015-09-10,PLZL,Полюс,85616,3025.0,,
2015-09-11,PLZL,Полюс,16395,3025.0,,
2015-09-14,PLZL,Полюс,22106,3030.0,,
2015-09-15,PLZL,Полюс,21759,2880.0,,
2015-09-16,PLZL,Полюс,8561,2785.0,,
2015-09-17,PLZL,Полюс,11077,2685.0,,
2015-09-18,PLZL,Полюс,9129,2745.0,,
2015-09-21,PLZL,Полюс,3464,2670.0,,
2015-09-22,PLZL,Полюс,15294,2590.0,,
2015-09-23,PLZL,Полюс,27415,2950.0,,
2015-09-24,PLZL,Полюс,21649,2680.0,,
2015-09-25,PLZL,Полюс,18388,2755.0,,
2015-09-28,PLZL,Полюс,19347,2890.0,,
2015-09-29,PLZL,Полюс,21338,2960.0,,
2015-09-30,PLZL,Полюс,9957,2900.0,,
2015-10-01,PLZL,Полюс,4343,2905.0,,
2015-10-02,PLZL,Полюс,7652,2890.0,,
2015-10-05,PLZL,Полюс,5836,2895.0,,
2015-10-06,PLZL,Полюс,6238,2895.0,,
2015-10-07,PLZL,Полюс,6760,2780.0,,
2015-10-08,PLZL,Полюс,4717,2740.0,,
2015-10-09,PLZL,Полюс,7249,2675.0,,
2015-10-12,PLZL,Полюс,8891,2770.0,,
2015-10-13,PLZL,Полюс,4129,2765.0,,
2015-10-14,PLZL,Полюс,4642,2805.0,,
2015-10-15,PLZL,Полюс,5279,2820.0,,
2015-10-16,PLZL,Полюс,2299,2780.0,,
2015-10-19,PLZL,Полюс,3713,2795.0,,
2015-10-20,PLZL,Полюс,2044,2770.0,,
2015-10-21,PLZL,Полюс,3717,2785.0,,
2015-10-22,PLZL,Полюс,7514,2780.0,,
2015-10-23,PLZL,Полюс,2762,2785.0,,
2015-10-26,PLZL,Полюс,3937,2790.0,,
2015-10-27,PLZL,Полюс,2604,2785.0,,
2015-10-28,PLZL,Полюс,5727,2800.0,,
2015-10-29,PLZL,Полюс,2876,2780.0,,
2015-10-30,PLZL,Полюс,6498,2815.0,,
2015-11-02,PLZL,Полюс,5159,2810.0,,
2015-11-03,PLZL,Полюс,6729,2795.0,,
2015-11-05,PLZL,Полюс,5304,2735.0,,
2015-11-06,PLZL,Полюс,14377,2625.0,,
2015-11-09,PLZL,Полюс,11820,2610.0,,
2015-11-10,PLZL,Полюс,12311,2620.0,,
2015-11-11,PLZL,Полюс,5849,2575.0,,
2015-11-12,PLZL,Полюс,17615,2705.0,,
2015-11-13,PLZL,Полюс,1961,2640.0,,
2015-11-16,PLZL,Полюс,11375,2660.0,,
2015-11-17,PLZL,Полюс,3445,2670.0,,
2015-11-18,PLZL,Полюс,11640,2700.0,,
2015-11-19,PLZL,Полюс,6877,2705.0,,
2015-11-20,PLZL,Полюс,14129,2710.0,,
2015-11-23,PLZL,Полюс,4287,2715.0,,
2015-11-24,PLZL,Полюс,9632,2635.0,,
2015-11-25,PLZL,Полюс,5910,2680.0,,
2015-11-26,PLZL,Полюс,4541,2680.0,,
2015-11-27,PLZL,Полюс,3661,2700.0,,
2015-11-30,PLZL,Полюс,7332,2630.0,,
2015-12-01,PLZL,Полюс,4031,2660.0,,
2015-12-02,PLZL,Полюс,5363,2650.0,,
2015-12-03,PLZL,Полюс,2217,2660.0,,
2015-12-04,PLZL,Полюс,3204,2655.0,,
2015-12-07,PLZL,Полюс,4798,2670.0,,
2015-12-08,PLZL,Полюс,4011,2665.0,,
2015-12-09,PLZL,Полюс,3738,2680.0,,
2015-12-10,PLZL,Полюс,4296,2685.0,,
2015-12-11,PLZL,Полюс,8578,2730.0,,
2015-12-14,PLZL,Полюс,7582,2840.0,,
2015-12-15,PLZL,Полюс,9718,2920.0,,
2015-12-16,PLZL,Полюс,20226,2860.0,,
2015-12-17,PLZL,Полюс,10161,2920.0,,
2015-12-18,PLZL,Полюс,5934,2910.0,,
2015-12-21,PLZL,Полюс,41635,3290.0,,
2015-12-22,PLZL,Полюс,22036,3010.0,,
2015-12-23,PLZL,Полюс,11727,2930.0,,
2015-12-24,PLZL,Полюс,20981,3070.0,,
2015-12-25,PLZL,Полюс,4855,2985.0,,
2015-12-28,PLZL,Полюс,5758,2830.0,,
2015-12-29,PLZL,Полюс,9965,2905.0,,
2015-12-30,PLZL,Полюс,2526,2875.0,,
2016-01-04,PLZL,Полюс,3726,2860.0,,
2016-01-05,PLZL,Полюс,989,2885.0,,
2016-01-06,PLZL,Полюс,433,2890.0,,
2016-01-11,PLZL,Полюс,9025,3030.0,,
2016-01-12,PLZL,Полюс,23099,3180.0,,
2016-01-13,PLZL,Полюс,7449,3120.0,,
2016-01-14,PLZL,Полюс,6769,3100.0,,
2016-01-15,PLZL,Полюс,7232,3100.0,,
2016-01-18,PLZL,Полюс,4032,3010.0,,
2016-01-19,PLZL,Полюс,5058,2995.0,,
2016-01-20,PLZL,Полюс,13757,3075.0,,
2016-01-21,PLZL,Полюс,8790,3120.0,,
2016-01-22,PLZL,Полюс,7691,3105.0,,
2016-01-25,PLZL,Полюс,3309,3080.0,,
2016-01-26,PLZL,Полюс,5511,3115.0,,
2016-01-27,PLZL,Полюс,6559,3110.0,,
2016-01-28,PLZL,Полюс,7787,3100.0,,
2016-01-29,PLZL,Полюс,6001,3245.0,,
2016-02-01,PLZL,Полюс,3316,3152.0,,
2016-02-02,PLZL,Полюс,3651,3138.0,,
2016-02-03,PLZL,Полюс,5544,3110.0,,
2016-02-04,PLZL,Полюс,7916,3064.0,,
2016-02-05,PLZL,Полюс,5320,3064.0,,
2016-02-08,PLZL,Полюс,3360,3078.0,,
2016-02-09,PLZL,Полюс,14652,3115.0,,
2016-02-10,PLZL,Полюс,5673,3119.0,,
2016-02-11,PLZL,Полюс,8605,3169.0,,
2016-02-12,PLZL,Полюс,5589,3143.0,,
2016-02-15,PLZL,Полюс,1832,3142.0,,
2016-02-16,PLZL,Полюс,9350,3251.0,,
2016-02-17,PLZL,Полюс,7126,3230.0,,
2016-02-18,PLZL,Полюс,7324,3275.0,,
2016-02-19,PLZL,Полюс,12049,3341.0,,
2016-02-20,PLZL,Полюс,1620,3340.0,,
2016-02-22,PLZL,Полюс,1800,3356.0,,
2016-02-24,PLZL,Полюс,14403,3459.0,,
2016-02-25,PLZL,Полюс,10406,3613.0,,
2016-02-26,PLZL,Полюс,25430,3884.0,,
2016-02-29,PLZL,Полюс,18720,3995.0,,
2016-03-01,PLZL,Полюс,30596,3928.0,,
2016-03-02,PLZL,Полюс,6176,3844.0,,
2016-03-03,PLZL,Полюс,20657,4099.0,,
2016-03-04,PLZL,Полюс,19325,4100.0,,
2016-03-07,PLZL,Полюс,2087,4070.0,,
2016-03-09,PLZL,Полюс,10232,4017.0,,
2016-03-10,PLZL,Полюс,8300,4044.0,,
2016-03-11,PLZL,Полюс,7965,3940.0,,
2016-03-14,PLZL,Полюс,9268,3920.0,,
2016-03-15,PLZL,Полюс,28688,3890.0,,
2016-03-16,PLZL,Полюс,6426,3997.0,,
2016-03-17,PLZL,Полюс,3658,3970.0,,
2016-03-18,PLZL,Полюс,2298,3926.0,,
2016-03-21,PLZL,Полюс,3043,3861.0,,
2016-03-22,PLZL,Полюс,5785,3837.0,,
2016-03-23,PLZL,Полюс,4988,3836.0,,
2016-03-24,PLZL,Полюс,13638,3890.0,,
2016-03-25,PLZL,Полюс,4308,3820.0,,
2016-03-28,PLZL,Полюс,3813,3863.0,,
2016-03-29,PLZL,Полюс,9318,3930.0,,
2016-03-30,PLZL,Полюс,1983,3876.0,,
2016-03-31,PLZL,Полюс,6318,3803.0,,
2016-04-01,PLZL,Полюс,5837,3849.0,,
2016-04-04,PLZL,Полюс,4328,3830.0,,
2016-04-05,PLZL,Полюс,7616,3909.0,,
2016-04-06,PLZL,Полюс,5790,3820.0,,
2016-04-07,PLZL,Полюс,4104,3854.0,,
2016-04-08,PLZL,Полюс,4290,3799.0,,
2016-04-11,PLZL,Полюс,2561,3760.0,,
2016-04-12,PLZL,Полюс,6017,3700.0,,
2016-04-13,PLZL,Полюс,5697,3671.0,,
2016-04-14,PLZL,Полюс,12572,3849.0,,
2016-04-15,PLZL,Полюс,44249,4014.0,,
2016-04-18,PLZL,Полюс,28859,4150.0,,
2016-04-19,PLZL,Полюс,15470,4290.0,,
2016-04-20,PLZL,Полюс,19670,4400.0,,
2016-04-21,PLZL,Полюс,15245,4536.0,,
2016-04-22,PLZL,Полюс,15595,4570.0,,
2016-04-25,PLZL,Полюс,19199,4741.0,,
2016-04-26,PLZL,Полюс,11046,4744.0,,
2016-04-27,PLZL,Полюс,18676,4798.0,,
2016-04-28,PLZL,Полюс,7538,4760.0,,
2016-04-29,PLZL,Полюс,8041,4768.0,,
2016-05-04,PLZL,Полюс,3664,4750.0,,
2016-05-05,PLZL,Полюс,5858,4813.0,,
2016-05-06,PLZL,Полюс,2861,4755.0,,
2016-05-10,PLZL,Полюс,3557,4756.0,,
2016-05-11,PLZL,Полюс,4701,4753.0,,
2016-05-12,PLZL,Полюс,5317,4740.0,,
2016-05-13,PLZL,Полюс,2812,4750.0,,
2016-05-16,PLZL,Полюс,3499,4750.0,,
2016-05-17,PLZL,Полюс,5050,4770.0,,
2016-05-18,PLZL,Полюс,4764,4733.0,,
2016-05-19,PLZL,Полюс,4234,4700.0,,
2016-05-20,PLZL,Полюс,960,4750.0,,
2016-05-23,PLZL,Полюс,4095,4691.0,,
2016-05-24,PLZL,Полюс,5041,4711.0,,
2016-05-25,PLZL,Полюс,2863,4705.0,,
2016-05-26,PLZL,Полюс,3892,4704.0,,
2016-05-27,PLZL,Полюс,2500,4690.0,,
2016-05-30,PLZL,Полюс,3688,4720.0,,
2016-05-31,PLZL,Полюс,8613,4682.0,,
2016-06-01,PLZL,Полюс,8569,4651.0,,
2016-06-02,PLZL,Полюс,4646,4719.0,,
2016-06-03,PLZL,Полюс,4076,4720.0,,
2016-06-06,PLZL,Полюс,4554,4710.0,,
2016-06-07,PLZL,Полюс,4918,4700.0,,
2016-06-08,PLZL,Полюс,5084,4700.0,,
2016-06-09,PLZL,Полюс,697,4707.0,,
2016-06-10,PLZL,Полюс,1565,4704.0,,
2016-06-14,PLZL,Полюс,4770,4704.0,,
2016-06-15,PLZL,Полюс,5289,4719.0,,
2016-06-16,PLZL,Полюс,4230,4700.0,,
2016-06-17,PLZL,Полюс,4215,4705.0,,
2016-06-20,PLZL,Полюс,2721,4697.0,,
2016-06-21,PLZL,Полюс,2924,4707.0,,
2016-06-22,PLZL,Полюс,3965,4690.0,,
2016-06-23,PLZL,Полюс,2546,4687.0,,
2016-06-24,PLZL,Полюс,5379,4662.0,,
2016-06-27,PLZL,Полюс,6320,4689.0,,
2016-06-28,PLZL,Полюс,4173,4693.0,,
2016-06-29,PLZL,Полюс,1748,4698.0,,
2016-06-30,PLZL,Полюс,4910,4696.0,,
2016-07-01,PLZL,Полюс,5703,4689.0,,
2016-07-04,PLZL,Полюс,3953,4681.0,,
2016-07-05,PLZL,Полюс,2391,4698.0,,
2016-07-06,PLZL,Полюс,4637,4690.0,,
2016-07-07,PLZL,Полюс,2712,4682.0,,
2016-07-08,PLZL,Полюс,2889,4680.0,,
2016-07-11,PLZL,Полюс,1818,4686.0,,
2016-07-12,PLZL,Полюс,3621,4665.0,,
2016-07-13,PLZL,Полюс,2402,4644.0,,
2016-07-14,PLZL,Полюс,2556,4610.0,,
2016-07-15,PLZL,Полюс,3737,4593.0,,
2016-07-18,PLZL,Полюс,5367,4564.0,,
2016-07-19,PLZL,Полюс,4916,4548.0,,
2016-07-20,PLZL,Полюс,4822,4520.0,,
2016-07-21,PLZL,Полюс,2574,4539.0,,
2016-07-22,PLZL,Полюс,1728,4564.0,,
2016-07-25,PLZL,Полюс,3681,4564.0,,
2016-07-26,PLZL,Полюс,3204,4680.0,,
2016-07-27,PLZL,Полюс,2113,4688.0,,
2016-07-28,PLZL,Полюс,2563,4684.0,,
2016-07-29,PLZL,Полюс,1567,4664.0,,
2016-08-01,PLZL,Полюс,2440,4669.0,,
2016-08-02,PLZL,Полюс,4638,4660.0,,
2016-08-03,PLZL,Полюс,6428,4632.0,,
2016-08-04,PLZL,Полюс,2966,4659.0,,
2016-08-05,PLZL,Полюс,3106,4650.0,,
2016-08-08,PLZL,Полюс,1009,4656.0,,
2016-08-09,PLZL,Полюс,3215,4628.0,,
2016-08-10,PLZL,Полюс,1335,4648.0,,
2016-08-11,PLZL,Полюс,1569,4645.0,,
2016-08-12,PLZL,Полюс,1655,4635.0,,
2016-08-15,PLZL,Полюс,1383,4623.0,,
2016-08-16,PLZL,Полюс,3729,4610.0,,
2016-08-17,PLZL,Полюс,3131,4587.0,,
2016-08-18,PLZL,Полюс,1510,4593.0,,
2016-08-19,PLZL,Полюс,2494,4581.0,,
2016-08-22,PLZL,Полюс,5267,4573.0,,
2016-08-23,PLZL,Полюс,2639,4569.0,,
2016-08-24,PLZL,Полюс,1956,4578.0,,
2016-08-25,PLZL,Полюс,4799,4560.0,,
2016-08-26,PLZL,Полюс,5334,4560.0,,
2016-08-29,PLZL,Полюс,3667,4553.0,,
2016-08-30,PLZL,Полюс,2703,4586.0,,
2016-08-31,PLZL,Полюс,2838,4600.0,,
2016-09-01,PLZL,Полюс,3707,4635.0,,
2016-09-02,PLZL,Полюс,2113,4646.0,,
2016-09-05,PLZL,Полюс,2453,4602.0,,
2016-09-06,PLZL,Полюс,3177,4600.0,,
2016-09-07,PLZL,Полюс,1423,4580.0,,
2016-09-08,PLZL,Полюс,1931,4579.0,,
2016-09-09,PLZL,Полюс,1135,4576.0,,
2016-09-12,PLZL,Полюс,2715,4628.0,,
2016-09-13,PLZL,Полюс,1914,4630.0,,
2016-09-14,PLZL,Полюс,1877,4610.0,,
2016-09-15,PLZL,Полюс,3978,4585.0,,
2016-09-16,PLZL,Полюс,1812,4599.0,,
2016-09-19,PLZL,Полюс,2416,4580.0,,
2016-09-20,PLZL,Полюс,1597,4579.0,,
2016-09-21,PLZL,Полюс,2459,4576.0,,
2016-09-22,PLZL,Полюс,4202,4500.0,,
2016-09-23,PLZL,Полюс,3561,4488.0,,
2016-09-26,PLZL,Полюс,2742,4508.0,,
2016-09-27,PLZL,Полюс,2623,4508.0,,
2016-09-28,PLZL,Полюс,3297,4550.0,,
2016-09-29,PLZL,Полюс,2199,4500.0,,
2016-09-30,PLZL,Полюс,1258,4485.0,,
2016-10-03,PLZL,Полюс,1116,4489.0,,
2016-10-04,PLZL,Полюс,2649,4451.0,,
2016-10-05,PLZL,Полюс,1733,4464.0,,
2016-10-06,PLZL,Полюс,3642,4447.0,,
2016-10-07,PLZL,Полюс,3295,4429.0,,
2016-10-10,PLZL,Полюс,3023,4425.0,,
2016-10-11,PLZL,Полюс,3581,4434.0,,
2016-10-12,PLZL,Полюс,3328,4416.0,,
2016-10-13,PLZL,Полюс,2748,4430.0,,
2016-10-14,PLZL,Полюс,2348,4413.0,,
2016-10-17,PLZL,Полюс,5004,4408.0,,
2016-10-18,PLZL,Полюс,2609,4400.0,,
2016-10-19,PLZL,Полюс,1785,4405.0,,
2016-10-20,PLZL,Полюс,1649,4388.0,,
2016-10-21,PLZL,Полюс,1870,4419.0,,
2016-10-24,PLZL,Полюс,3148,4372.0,,
2016-10-25,PLZL,Полюс,4283,4316.0,,
2016-10-26,PLZL,Полюс,4658,4351.0,,
2016-10-27,PLZL,Полюс,3979,4388.0,,
2016-10-28,PLZL,Полюс,3220,4356.0,,
2016-10-31,PLZL,Полюс,4734,4400.0,,
2016-11-01,PLZL,Полюс,3874,4391.0,,
2016-11-02,PLZL,Полюс,2900,4440.0,,
2016-11-03,PLZL,Полюс,5609,4522.0,,
2016-11-07,PLZL,Полюс,5087,4500.0,,
2016-11-08,PLZL,Полюс,2896,4439.0,,
2016-11-09,PLZL,Полюс,4561,4460.0,,
2016-11-10,PLZL,Полюс,4048,4408.0,,
2016-11-11,PLZL,Полюс,3473,4471.0,,
2016-11-14,PLZL,Полюс,3096,4479.0,,
2016-11-15,PLZL,Полюс,3765,4416.0,,
2016-11-16,PLZL,Полюс,3442,4449.0,,
2016-11-17,PLZL,Полюс,1616,4462.0,,
2016-11-18,PLZL,Полюс,4331,4454.0,,
2016-11-21,PLZL,Полюс,3384,4444.0,,
2016-11-22,PLZL,Полюс,3252,4443.0,,
2016-11-23,PLZL,Полюс,2770,4426.0,,
2016-11-24,PLZL,Полюс,3759,4416.0,,
2016-11-25,PLZL,Полюс,2788,4424.0,,
2016-11-28,PLZL,Полюс,3515,4427.0,,
2016-11-29,PLZL,Полюс,2557,4440.0,,
2016-11-30,PLZL,Полюс,2376,4260.0,,
2016-12-01,PLZL,Полюс,2308,4480.0,,
2016-12-02,PLZL,Полюс,2467,4478.0,,
2016-12-05,PLZL,Полюс,2830,4448.0,,
2016-12-06,PLZL,Полюс,2260,4440.0,,
2016-12-07,PLZL,Полюс,3872,4444.0,,
2016-12-08,PLZL,Полюс,2785,4444.0,,
2016-12-09,PLZL,Полюс,1213,4449.0,,
2016-12-12,PLZL,Полюс,2921,4430.0,,
2016-12-13,PLZL,Полюс,4179,4434.0,,
2016-12-14,PLZL,Полюс,4455,4443.0,,
2016-12-15,PLZL,Полюс,3090,4455.0,,
2016-12-16,PLZL,Полюс,1618,4460.0,,
2016-12-19,PLZL,Полюс,2286,4450.0,,
2016-12-20,PLZL,Полюс,2152,4449.0,,
2016-12-21,PLZL,Полюс,2838,4449.0,,
2016-12-22,PLZL,Полюс,2539,4449.0,,
2016-12-23,PLZL,Полюс,2112,4449.0,,
2016-12-26,PLZL,Полюс,3898,4406.0,,
2016-12-27,PLZL,Полюс,4019,4386.0,,
2016-12-28,PLZL,Полюс,2850,4429.0,,
2016-12-29,PLZL,Полюс,2588,4438.0,,
2016-12-30,PLZL,Полюс,2435,4431.0,,
2017-01-03,PLZL,Полюс,879,4500.0,,
2017-01-04,PLZL,Полюс,920,4500.0,,
2017-01-05,PLZL,Полюс,1214,4529.0,,
2017-01-06,PLZL,Полюс,335,4527.0,,
2017-01-09,PLZL,Полюс,1092,4521.0,,
2017-01-10,PLZL,Полюс,451,4525.0,,
2017-01-11,PLZL,Полюс,1089,4520.0,,
2017-01-12,PLZL,Полюс,1694,4520.0,,
2017-01-13,PLZL,Полюс,296,4527.0,,
2017-01-16,PLZL,Полюс,3314,4607.0,,
2017-01-17,PLZL,Полюс,5384,4642.0,,
2017-01-18,PLZL,Полюс,2816,4590.0,,
2017-01-19,PLZL,Полюс,1956,4600.0,,
2017-01-20,PLZL,Полюс,1492,4613.0,,
2017-01-23,PLZL,Полюс,2163,4601.0,,
2017-01-24,PLZL,Полюс,1258,4599.0,,
2017-01-25,PLZL,Полюс,3023,4590.0,,
2017-01-26,PLZL,Полюс,3524,4620.0,,
2017-01-27,PLZL,Полюс,2756,4609.0,,
2017-01-30,PLZL,Полюс,2823,4606.0,,
2017-01-31,PLZL,Полюс,3606,4648.0,,
2017-02-01,PLZL,Полюс,1763,4586.0,,
2017-02-02,PLZL,Полюс,1608,4575.0,,
2017-02-03,PLZL,Полюс,2120,4564.0,,
2017-02-06,PLZL,Полюс,1394,4495.0,,
2017-02-07,PLZL,Полюс,1875,4449.0,,
2017-02-08,PLZL,Полюс,2788,4501.0,,
2017-02-09,PLZL,Полюс,1377,4481.0,,
2017-02-10,PLZL,Полюс,4549,4470.0,,
2017-02-13,PLZL,Полюс,2009,4445.0,,
2017-02-14,PLZL,Полюс,2145,4450.0,,
2017-02-15,PLZL,Полюс,1109,4447.0,,
2017-02-16,PLZL,Полюс,1043,4450.0,,
2017-02-17,PLZL,Полюс,1331,4450.0,,
2017-02-20,PLZL,Полюс,383,4451.0,,
2017-02-21,PLZL,Полюс,1658,4451.0,,
2017-02-22,PLZL,Полюс,939,4452.0,,
2017-02-24,PLZL,Полюс,51,4452.0,,
2017-02-27,PLZL,Полюс,3162,4455.0,,
2017-02-28,PLZL,Полюс,2486,4450.0,,
2017-03-01,PLZL,Полюс,816,4467.0,,
2017-03-02,PLZL,Полюс,1409,4459.0,,
2017-03-03,PLZL,Полюс,1434,4455.0,,
2017-03-06,PLZL,Полюс,1018,4459.0,,
2017-03-07,PLZL,Полюс,2106,4470.0,,
2017-03-09,PLZL,Полюс,2548,4439.0,,
2017-03-10,PLZL,Полюс,1786,4450.0,,
2017-03-13,PLZL,Полюс,2284,4450.0,,
2017-03-14,PLZL,Полюс,489,4455.0,,
2017-03-15,PLZL,Полюс,2480,4476.0,,
2017-03-16,PLZL,Полюс,6358,4400.0,,
2017-03-17,PLZL,Полюс,2811,4447.0,,
2017-03-20,PLZL,Полюс,2187,4410.0,,
2017-03-21,PLZL,Полюс,4070,4374.0,,
2017-03-22,PLZL,Полюс,2633,4369.0,,
2017-03-23,PLZL,Полюс,2947,4333.0,,
2017-03-24,PLZL,Полюс,4297,4448.0,,
2017-03-27,PLZL,Полюс,2111,4440.0,,
2017-03-28,PLZL,Полюс,2155,4437.0,,
2017-03-29,PLZL,Полюс,1470,4449.0,,
2017-03-30,PLZL,Полюс,1831,4443.0,,
2017-03-31,PLZL,Полюс,1501,4450.0,,
2017-04-03,PLZL,Полюс,2257,4439.0,,
2017-04-04,PLZL,Полюс,4280,4434.0,,
2017-04-05,PLZL,Полюс,6049,4425.0,,
2017-04-06,PLZL,Полюс,2939,4409.0,,
2017-04-07,PLZL,Полюс,4425,4409.0,,
2017-04-10,PLZL,Полюс,7697,4396.0,,
2017-04-11,PLZL,Полюс,3289,4404.0,,
2017-04-12,PLZL,Полюс,3682,4402.0,,
2017-04-13,PLZL,Полюс,2310,4400.0,,
2017-04-14,PLZL,Полюс,4220,4399.0,,
2017-04-17,PLZL,Полюс,1423,4400.0,,
2017-04-18,PLZL,Полюс,1859,4390.0,,
2017-04-19,PLZL,Полюс,3863,4400.0,,
2017-04-20,PLZL,Полюс,1299,4398.0,,
2017-04-21,PLZL,Полюс,1235,4400.0,,
2017-04-24,PLZL,Полюс,1896,4405.0,,
2017-04-25,PLZL,Полюс,3394,4405.0,,
2017-04-26,PLZL,Полюс,2530,4398.0,,
2017-04-27,PLZL,Полюс,2343,4400.0,,
2017-04-28,PLZL,Полюс,2141,4405.0,,
2017-05-02,PLZL,Полюс,2621,4398.0,,
2017-05-03,PLZL,Полюс,2957,4395.0,,
2017-05-04,PLZL,Полюс,3571,4395.0,,
2017-05-05,PLZL,Полюс,3243,4399.0,,
2017-05-10,PLZL,Полюс,3411,4484.0,,
2017-05-11,PLZL,Полюс,956,4468.0,,
2017-05-12,PLZL,Полюс,3757,4479.0,,
2017-05-15,PLZL,Полюс,1840,4460.0,,
2017-05-16,PLZL,Полюс,4025,4450.0,,
2017-05-17,PLZL,Полюс,2399,4461.0,,
2017-05-18,PLZL,Полюс,3287,4500.0,,
2017-05-19,PLZL,Полюс,2889,4478.0,,
2017-05-22,PLZL,Полюс,1502,4469.0,,
2017-05-23,PLZL,Полюс,2264,4447.0,,
2017-05-24,PLZL,Полюс,3740,4416.0,,
2017-05-25,PLZL,Полюс,2520,4445.0,,
2017-05-26,PLZL,Полюс,1591,4437.0,,
2017-05-29,PLZL,Полюс,2754,4440.0,,
2017-05-30,PLZL,Полюс,2356,4445.0,,
2017-05-31,PLZL,Полюс,6218,4427.0,,
2017-06-01,PLZL,Полюс,3909,4425.0,,
2017-06-02,PLZL,Полюс,4121,4423.0,,
2017-06-05,PLZL,Полюс,10199,4440.0,,
2017-06-06,PLZL,Полюс,7790,4450.0,,
2017-06-07,PLZL,Полюс,3197,4466.0,,
2017-06-08,PLZL,Полюс,21763,4443.0,,
2017-06-09,PLZL,Полюс,3521,4445.0,,
2017-06-13,PLZL,Полюс,27405,4428.0,,
2017-06-14,PLZL,Полюс,10052,4460.0,,
2017-06-15,PLZL,Полюс,16350,4400.0,,
2017-06-16,PLZL,Полюс,1521,4236.0,,
2017-06-19,PLZL,Полюс,9845,4102.0,,
2017-06-20,PLZL,Полюс,2705,4228.0,,
2017-06-21,PLZL,Полюс,2542,4215.0,,
2017-06-22,PLZL,Полюс,8529,4196.0,,
2017-06-23,PLZL,Полюс,1834,4237.0,,
2017-06-26,PLZL,Полюс,1289,4175.0,,
2017-06-27,PLZL,Полюс,2576,4200.0,,
2017-06-28,PLZL,Полюс,1208,4203.0,,
2017-06-29,PLZL,Полюс,3306,4030.0,,
2017-06-30,PLZL,Полюс,39198,3971.08,,
2017-07-03,PLZL,Полюс,22065,3955.0,,
2017-07-04,PLZL,Полюс,15394,3923.78,,
2017-07-05,PLZL,Полюс,12069,3905.71,,
2017-07-06,PLZL,Полюс,35060,3939.95,,
2017-07-07,PLZL,Полюс,34656,3995.0,,
2017-07-10,PLZL,Полюс,31599,3994.97,,
2017-07-11,PLZL,Полюс,13931,4047.97,,
2017-07-12,PLZL,Полюс,11190,4031.12,,
2017-07-13,PLZL,Полюс,13433,4059.0,,
2017-07-14,PLZL,Полюс,14795,3925.81,,
2017-07-17,PLZL,Полюс,12622,3941.49,152.41,RUB
2017-07-18,PLZL,Полюс,9189,3935.0,,
2017-07-19,PLZL,Полюс,5689,3932.0,,
2017-07-20,PLZL,Полюс,7675,3900.0,,
2017-07-21,PLZL,Полюс,4667,3885.15,,
2017-07-24,PLZL,Полюс,4726,3929.97,,
2017-07-25,PLZL,Полюс,10461,3906.0,,
2017-07-26,PLZL,Полюс,7502,3896.0,,
2017-07-27,PLZL,Полюс,6207,3903.06,,
2017-07-28,PLZL,Полюс,3444,3888.0,,
2017-07-31,PLZL,Полюс,7089,3909.75,,
2017-08-01,PLZL,Полюс,22607,3918.0,,
2017-08-02,PLZL,Полюс,18750,3942.0,,
2017-08-03,PLZL,Полюс,16828,3921.0,,
2017-08-04,PLZL,Полюс,18308,3954.0,,
2017-08-07,PLZL,Полюс,18126,3956.0,,
2017-08-08,PLZL,Полюс,20976,3951.0,,
2017-08-09,PLZL,Полюс,32265,4032.0,,
2017-08-10,PLZL,Полюс,56885,4203.0,,
2017-08-11,PLZL,Полюс,49977,4300.0,,
2017-08-14,PLZL,Полюс,27848,4310.0,,
2017-08-15,PLZL,Полюс,35989,4312.0,,
2017-08-16,PLZL,Полюс,38183,4310.0,,
2017-08-17,PLZL,Полюс,27934,4343.0,,
2017-08-18,PLZL,Полюс,25083,4330.0,,
2017-08-21,PLZL,Полюс,25068,4300.0,,
2017-08-22,PLZL,Полюс,22709,4310.0,,
2017-08-23,PLZL,Полюс,20734,4320.0,,
2017-08-24,PLZL,Полюс,19973,4336.0,,
2017-08-25,PLZL,Полюс,27153,4310.0,,
2017-08-28,PLZL,Полюс,6289,4316.0,,
2017-08-29,PLZL,Полюс,76266,4523.0,,
2017-08-30,PLZL,Полюс,22355,4607.0,,
2017-08-31,PLZL,Полюс,19292,4547.0,,
2017-09-01,PLZL,Полюс,20396,4608.0,,
2017-09-04,PLZL,Полюс,18575,4700.0,,
2017-09-05,PLZL,Полюс,26084,4676.0,,
2017-09-06,PLZL,Полюс,22236,4652.0,,
2017-09-07,PLZL,Полюс,18973,4666.0,,
2017-09-08,PLZL,Полюс,20655,4747.0,,
2017-09-11,PLZL,Полюс,27552,4778.0,,
2017-09-12,PLZL,Полюс,23469,4693.0,,
2017-09-13,PLZL,Полюс,20503,4680.0,,
2017-09-14,PLZL,Полюс,22600,4628.0,,
2017-09-15,PLZL,Полюс,16540,4599.0,,
2017-09-18,PLZL,Полюс,15098,4631.0,,
2017-09-19,PLZL,Полюс,26314,4630.0,,
2017-09-20,PLZL,Полюс,21322,4629.0,,
2017-09-21,PLZL,Полюс,33755,4600.0,,
2017-09-22,PLZL,Полюс,27749,4450.0,,
2017-09-25,PLZL,Полюс,20535,4435.0,104.3,RUB
2017-09-26,PLZL,Полюс,27364,4362.0,,
2017-09-27,PLZL,Полюс,29575,4445.0,,
2017-09-28,PLZL,Полюс,18195,4438.0,,
2017-09-29,PLZL,Полюс,20449,4450.0,,
2017-10-02,PLZL,Полюс,26486,4520.0,,
2017-10-03,PLZL,Полюс,23879,4526.0,,
2017-10-04,PLZL,Полюс,27029,4545.0,,
2017-10-05,PLZL,Полюс,20309,4578.0,,
2017-10-06,PLZL,Полюс,22907,4543.0,,
2017-10-09,PLZL,Полюс,18947,4585.0,,
2017-10-10,PLZL,Полюс,25608,4597.0,,
2017-10-11,PLZL,Полюс,23263,4590.0,,
2017-10-12,PLZL,Полюс,37292,4620.0,,
2017-10-13,PLZL,Полюс,26022,4625.0,,
2017-10-16,PLZL,Полюс,27643,4667.0,,
2017-10-17,PLZL,Полюс,29742,4656.0,,
2017-10-18,PLZL,Полюс,35814,4785.0,,
2017-10-19,PLZL,Полюс,57553,4728.0,,
2017-10-20,PLZL,Полюс,30335,4784.0,,
2017-10-23,PLZL,Полюс,22184,4703.0,,
2017-10-24,PLZL,Полюс,24851,4740.0,,
2017-10-25,PLZL,Полюс,28754,4625.0,,
2017-10-26,PLZL,Полюс,16374,4605.0,,
2017-10-27,PLZL,Полюс,32581,4671.0,,
2017-10-30,PLZL,Полюс,20533,4689.0,,
2017-10-31,PLZL,Полюс,42362,4804.0,,
2017-11-01,PLZL,Полюс,32094,4816.0,,
2017-11-02,PLZL,Полюс,17285,4778.0,,
2017-11-03,PLZL,Полюс,30518,4830.0,,
2017-11-07,PLZL,Полюс,44812,4823.0,,
2017-11-08,PLZL,Полюс,59222,4823.0,,
2017-11-09,PLZL,Полюс,71985,4930.0,,
2017-11-10,PLZL,Полюс,48469,4943.0,,
2017-11-13,PLZL,Полюс,70555,4994.0,,
2017-11-14,PLZL,Полюс,248997,5182.0,,
2017-11-15,PLZL,Полюс,140939,5083.0,,
2017-11-16,PLZL,Полюс,89774,5060.0,,
2017-11-17,PLZL,Полюс,87454,5070.0,,
2017-11-20,PLZL,Полюс,125422,5070.0,,
2017-11-21,PLZL,Полюс,124483,5110.0,,
2017-11-22,PLZL,Полюс,165491,5046.0,,
2017-11-23,PLZL,Полюс,93714,5030.0,,
2017-11-24,PLZL,Полюс,101539,5010.0,,
2017-11-27,PLZL,Полюс,205426,5050.0,,
2017-11-28,PLZL,Полюс,179709,5055.0,,
2017-11-29,PLZL,Полюс,190828,5050.0,,
2017-11-30,PLZL,Полюс,1691610,4912.0,,
2017-12-01,PLZL,Полюс,114078,4920.0,,
2017-12-04,PLZL,Полюс,46588,4868.0,,
2017-12-05,PLZL,Полюс,65458,4697.0,,
2017-12-06,PLZL,Полюс,128337,4815.0,,
2017-12-07,PLZL,Полюс,50368,4780.0,,
2017-12-08,PLZL,Полюс,41851,4714.0,,
2017-12-11,PLZL,Полюс,37934,4682.0,,
2017-12-12,PLZL,Полюс,50051,4668.0,,
2017-12-13,PLZL,Полюс,55343,4291.0,,
2017-12-14,PLZL,Полюс,59080,4520.0,,
2017-12-15,PLZL,Полюс,47114,4665.0,,
2017-12-18,PLZL,Полюс,22645,4690.0,,
2017-12-19,PLZL,Полюс,13517,4643.0,,
2017-12-20,PLZL,Полюс,28221,4592.0,,
2017-12-21,PLZL,Полюс,25577,4463.0,,
2017-12-22,PLZL,Полюс,12554,4428.0,,
2017-12-25,PLZL,Полюс,3838,4363.0,,
2017-12-26,PLZL,Полюс,3646,4394.0,,
2017-12-27,PLZL,Полюс,16101,4410.0,,
2017-12-28,PLZL,Полюс,14476,4405.0,,
2017-12-29,PLZL,Полюс,23341,4595.0,,
2018-01-03,PLZL,Полюс,21907,4466.0,,
2018-01-04,PLZL,Полюс,20670,4478.0,,
2018-01-05,PLZL,Полюс,17850,4469.0,,
2018-01-09,PLZL,Полюс,33366,4556.0,,
2018-01-10,PLZL,Полюс,52753,4411.0,,
2018-01-11,PLZL,Полюс,21882,4357.0,,
2018-01-12,PLZL,Полюс,25976,4328.0,,
2018-01-15,PLZL,Полюс,102046,4382.0,,
2018-01-16,PLZL,Полюс,73930,4487.0,,
2018-01-17,PLZL,Полюс,93469,4659.0,,
2018-01-18,PLZL,Полюс,82459,4520.0,,
2018-01-19,PLZL,Полюс,157122,4446.0,,
2018-01-22,PLZL,Полюс,51577,4527.0,,
2018-01-23,PLZL,Полюс,38657,4543.0,,
2018-01-24,PLZL,Полюс,84120,4568.0,,
2018-01-25,PLZL,Полюс,48276,4570.0,,
2018-01-26,PLZL,Полюс,125655,4500.0,,
2018-01-29,PLZL,Полюс,42701,4599.0,,
2018-01-30,PLZL,Полюс,17817,4547.0,,
2018-01-31,PLZL,Полюс,35674,4580.0,,
2018-02-01,PLZL,Полюс,24445,4535.0,,
2018-02-02,PLZL,Полюс,25632,4509.0,,
2018-02-05,PLZL,Полюс,41526,4542.0,,
2018-02-06,PLZL,Полюс,58319,4500.0,,
2018-02-07,PLZL,Полюс,49047,4351.0,,
2018-02-08,PLZL,Полюс,57537,4381.0,,
2018-02-09,PLZL,Полюс,51136,4322.0,,
2018-02-12,PLZL,Полюс,35718,4350.0,,
2018-02-13,PLZL,Полюс,28898,4386.0,,
2018-02-14,PLZL,Полюс,39499,4467.0,,
2018-02-15,PLZL,Полюс,69282,4490.0,,
2018-02-16,PLZL,Полюс,25508,4503.0,,
2018-02-19,PLZL,Полюс,16624,4497.0,,
2018-02-20,PLZL,Полюс,17686,4489.0,,
2018-02-21,PLZL,Полюс,27381,4569.0,,
2018-02-22,PLZL,Полюс,32161,4520.0,,
2018-02-26,PLZL,Полюс,51094,4499.0,,
2018-02-27,PLZL,Полюс,32833,4548.0,,
2018-02-28,PLZL,Полюс,84052,4646.0,,
2018-03-01,PLZL,Полюс,69444,4706.0,,
2018-03-02,PLZL,Полюс,32957,4760.0,,
2018-03-05,PLZL,Полюс,15490,4708.0,,
2018-03-06,PLZL,Полюс,33973,4703.0,,
2018-03-07,PLZL,Полюс,53213,4677.0,,
2018-03-09,PLZL,Полюс,15670,4745.0,,
2018-03-12,PLZL,Полюс,27016,4829.0,,
2018-03-13,PLZL,Полюс,44911,4930.0,,
2018-03-14,PLZL,Полюс,36429,4879.0,,
2018-03-15,PLZL,Полюс,34255,4838.0,,
2018-03-16,PLZL,Полюс,93553,4780.0,,
2018-03-19,PLZL,Полюс,29730,4708.0,,
2018-03-20,PLZL,Полюс,28747,4680.0,,
2018-03-21,PLZL,Полюс,53566,4575.0,,
2018-03-22,PLZL,Полюс,37510,4465.0,,
2018-03-23,PLZL,Полюс,35955,4447.0,,
2018-03-26,PLZL,Полюс,31472,4393.0,,
2018-03-27,PLZL,Полюс,39057,4330.0,,
2018-03-28,PLZL,Полюс,53375,4545.0,,
2018-03-29,PLZL,Полюс,50427,4461.0,,
2018-03-30,PLZL,Полюс,19829,4520.0,,
2018-04-02,PLZL,Полюс,15556,4387.0,,
2018-04-03,PLZL,Полюс,21966,4514.0,,
2018-04-04,PLZL,Полюс,39455,4475.0,,
2018-04-05,PLZL,Полюс,57718,4497.0,,
2018-04-06,PLZL,Полюс,78146,4359.0,,
2018-04-09,PLZL,Полюс,353567,3561.0,,
2018-04-10,PLZL,Полюс,197675,3650.0,,
2018-04-11,PLZL,Полюс,124818,3585.0,,
2018-04-12,PLZL,Полюс,250620,3599.0,,
2018-04-13,PLZL,Полюс,89118,3550.0,,
2018-04-16,PLZL,Полюс,69432,3541.0,,
2018-04-17,PLZL,Полюс,86172,3657.0,,
2018-04-18,PLZL,Полюс,287365,3718.0,,
2018-04-19,PLZL,Полюс,83235,3775.0,,
2018-04-20,PLZL,Полюс,32839,3790.0,,
2018-04-23,PLZL,Полюс,94394,3900.0,,
2018-04-24,PLZL,Полюс,91761,3906.0,,
2018-04-25,PLZL,Полюс,41247,3947.0,,
2018-04-26,PLZL,Полюс,38534,3920.0,,
2018-04-27,PLZL,Полюс,27715,3937.0,,
2018-04-28,PLZL,Полюс,4655,3946.0,,
2018-04-30,PLZL,Полюс,21501,3995.0,,
2018-05-02,PLZL,Полюс,55302,3850.0,,
2018-05-03,PLZL,Полюс,48401,3863.0,,
2018-05-04,PLZL,Полюс,30751,3955.0,,
2018-05-07,PLZL,Полюс,34623,3976.0,,
2018-05-08,PLZL,Полюс,43871,3940.0,,
2018-05-10,PLZL,Полюс,47647,3920.0,,
2018-05-11,PLZL,Полюс,60739,3868.0,,
2018-05-14,PLZL,Полюс,45532,3885.0,,
2018-05-15,PLZL,Полюс,59624,3737.0,,
2018-05-16,PLZL,Полюс,43259,3710.0,,
2018-05-17,PLZL,Полюс,68992,3688.0,,
2018-05-18,PLZL,Полюс,32996,3730.0,,
2018-05-21,PLZL,Полюс,59519,3739.0,,
2018-05-22,PLZL,Полюс,81226,3738.0,,
2018-05-23,PLZL,Полюс,76938,3712.0,,
2018-05-24,PLZL,Полюс,38140,3737.0,,
2018-05-25,PLZL,Полюс,37663,3728.0,,
2018-05-28,PLZL,Полюс,13618,3785.0,,
2018-05-29,PLZL,Полюс,67226,3755.0,,
2018-05-30,PLZL,Полюс,57423,3725.0,,
2018-05-31,PLZL,Полюс,129451,3750.0,,
2018-06-01,PLZL,Полюс,93632,3800.0,,
2018-06-04,PLZL,Полюс,70894,3940.0,,
2018-06-05,PLZL,Полюс,44236,3940.0,,
2018-06-06,PLZL,Полюс,54527,3911.0,,
2018-06-07,PLZL,Полюс,92439,3941.0,,
2018-06-08,PLZL,Полюс,113229,3785.0,,
2018-06-09,PLZL,Полюс,6568,3810.0,,
2018-06-11,PLZL,Полюс,21457,3830.0,,
2018-06-13,PLZL,Полюс,33068,3845.0,,
2018-06-14,PLZL,Полюс,35420,3903.0,,
2018-06-15,PLZL,Полюс,77611,3979.0,,
2018-06-18,PLZL,Полюс,52297,3870.0,,
2018-06-19,PLZL,Полюс,51743,3890.0,,
2018-06-20,PLZL,Полюс,43971,3943.0,,
2018-06-21,PLZL,Полюс,60607,3806.0,,
2018-06-22,PLZL,Полюс,41267,3873.0,,
2018-06-25,PLZL,Полюс,21788,3890.0,,
2018-06-26,PLZL,Полюс,37122,3894.0,,
2018-06-27,PLZL,Полюс,29959,3880.0,,
2018-06-28,PLZL,Полюс,142231,4108.0,,
2018-06-29,PLZL,Полюс,60689,4206.0,,
2018-07-02,PLZL,Полюс,33812,4170.0,,
2018-07-03,PLZL,Полюс,31824,4123.0,,
2018-07-04,PLZL,Полюс,13586,4131.0,,
2018-07-05,PLZL,Полюс,26452,4192.0,,
2018-07-06,PLZL,Полюс,26183,4186.0,,
2018-07-09,PLZL,Полюс,26163,4276.0,,
2018-07-10,PLZL,Полюс,50498,4220.0,,
2018-07-11,PLZL,Полюс,32772,4226.0,,
2018-07-12,PLZL,Полюс,28465,4179.0,,
2018-07-13,PLZL,Полюс,31337,4260.0,,
2018-07-16,PLZL,Полюс,18813,4200.0,,
2018-07-17,PLZL,Полюс,18504,4137.0,,
2018-07-18,PLZL,Полюс,25501,4189.0,,
2018-07-19,PLZL,Полюс,17218,4149.0,,
2018-07-20,PLZL,Полюс,24838,4077.0,,
2018-07-23,PLZL,Полюс,17738,4142.0,,
2018-07-24,PLZL,Полюс,29381,4292.0,,
2018-07-25,PLZL,Полюс,38241,4361.0,,
2018-07-26,PLZL,Полюс,29329,4437.0,,
2018-07-27,PLZL,Полюс,42299,4478.0,,
2018-07-30,PLZL,Полюс,19553,4416.0,,
2018-07-31,PLZL,Полюс,31524,4469.0,,
2018-08-01,PLZL,Полюс,24963,4355.0,,
2018-08-02,PLZL,Полюс,60653,4442.0,,
2018-08-03,PLZL,Полюс,83011,4359.0,,
2018-08-06,PLZL,Полюс,15192,4425.0,,
2018-08-07,PLZL,Полюс,27544,4480.0,,
2018-08-08,PLZL,Полюс,47934,4383.0,,
2018-08-09,PLZL,Полюс,48939,4450.0,,
2018-08-10,PLZL,Полюс,120740,4214.0,,
2018-08-13,PLZL,Полюс,37340,4165.0,,
2018-08-14,PLZL,Полюс,38722,4220.0,,
2018-08-15,PLZL,Полюс,51132,4146.0,,
2018-08-16,PLZL,Полюс,27298,4116.0,,
2018-08-17,PLZL,Полюс,34069,4055.0,,
2018-08-20,PLZL,Полюс,25840,4208.0,,
2018-08-21,PLZL,Полюс,29140,4190.0,,
2018-08-22,PLZL,Полюс,32614,4268.0,,
2018-08-23,PLZL,Полюс,45409,4255.0,,
2018-08-24,PLZL,Полюс,49708,4393.0,,
2018-08-27,PLZL,Полюс,27679,4398.0,,
2018-08-28,PLZL,Полюс,45941,4337.0,,
2018-08-29,PLZL,Полюс,58938,4241.0,,
2018-08-30,PLZL,Полюс,40961,4149.0,,
2018-08-31,PLZL,Полюс,116641,4373.0,,
2018-09-03,PLZL,Полюс,23285,4367.0,,
2018-09-04,PLZL,Полюс,22358,4350.0,,
2018-09-05,PLZL,Полюс,37961,4289.0,,
2018-09-06,PLZL,Полюс,30984,4361.0,,
2018-09-07,PLZL,Полюс,26248,4308.0,,
2018-09-10,PLZL,Полюс,22440,4336.0,,
2018-09-11,PLZL,Полюс,30211,4350.0,,
2018-09-12,PLZL,Полюс,43338,4299.0,,
2018-09-13,PLZL,Полюс,45519,4233.0,,
2018-09-14,PLZL,Полюс,63517,4145.0,,
2018-09-17,PLZL,Полюс,46538,4105.0,,
2018-09-18,PLZL,Полюс,44857,4110.0,,
2018-09-19,PLZL,Полюс,56691,4089.0,,
2018-09-20,PLZL,Полюс,101171,4075.0,,
2018-09-21,PLZL,Полюс,115738,4122.0,,
2018-09-24,PLZL,Полюс,46946,4060.0,,
2018-09-25,PLZL,Полюс,74394,4053.0,,
2018-09-26,PLZL,Полюс,66414,4048.0,,
2018-09-27,PLZL,Полюс,31906,4094.0,,
2018-09-28,PLZL,Полюс,49276,4128.0,,
2018-10-01,PLZL,Полюс,22272,4090.0,,
2018-10-02,PLZL,Полюс,55400,4145.0,,
2018-10-03,PLZL,Полюс,62963,4180.0,,
2018-10-04,PLZL,Полюс,44561,4170.0,,
2018-10-05,PLZL,Полюс,34975,4150.0,,
2018-10-08,PLZL,Полюс,26150,4152.0,,
2018-10-09,PLZL,Полюс,17439,4140.0,,
2018-10-10,PLZL,Полюс,21288,4110.0,,
2018-10-11,PLZL,Полюс,74849,4222.0,,
2018-10-12,PLZL,Полюс,63105,4240.0,,
2018-10-15,PLZL,Полюс,32843,4204.0,,
2018-10-16,PLZL,Полюс,89016,4316.0,,
2018-10-17,PLZL,Полюс,57137,4350.0,,
2018-10-18,PLZL,Полюс,32726,4314.0,131.11,RUB
2018-10-19,PLZL,Полюс,64209,4300.0,,
2018-10-22,PLZL,Полюс,37056,4213.0,,
2018-10-23,PLZL,Полюс,44036,4239.0,,
2018-10-24,PLZL,Полюс,56935,4165.0,,
2018-10-25,PLZL,Полюс,66107,4180.0,,
2018-10-26,PLZL,Полюс,81595,4137.0,,
2018-10-29,PLZL,Полюс,34199,4200.0,,
2018-10-30,PLZL,Полюс,50174,4099.0,,
2018-10-31,PLZL,Полюс,46252,4152.0,,
2018-11-01,PLZL,Полюс,39447,4148.5,,
2018-11-02,PLZL,Полюс,31162,4185.0,,
2018-11-06,PLZL,Полюс,41529,4214.0,,
2018-11-07,PLZL,Полюс,64651,4247.0,,
2018-11-08,PLZL,Полюс,48687,4260.0,,
2018-11-09,PLZL,Полюс,39073,4356.0,,
2018-11-12,PLZL,Полюс,28783,4330.0,,
2018-11-13,PLZL,Полюс,26509,4323.5,,
2018-11-14,PLZL,Полюс,42290,4400.0,,
2018-11-15,PLZL,Полюс,46708,4329.5,,
2018-11-16,PLZL,Полюс,26789,4295.0,,
2018-11-19,PLZL,Полюс,54526,4480.0,,
2018-11-20,PLZL,Полюс,36115,4450.0,,
2018-11-21,PLZL,Полюс,77790,4550.0,,
2018-11-22,PLZL,Полюс,97034,4689.0,,
2018-11-23,PLZL,Полюс,42574,4732.0,,
2018-11-26,PLZL,Полюс,71596,4752.0,,
2018-11-27,PLZL,Полюс,64896,4700.0,,
2018-11-28,PLZL,Полюс,42610,4688.5,,
2018-11-29,PLZL,Полюс,39678,4704.0,,
2018-11-30,PLZL,Полюс,95924,4827.5,,
2018-12-03,PLZL,Полюс,84432,4695.5,,
2018-12-04,PLZL,Полюс,46105,4715.0,,
2018-12-05,PLZL,Полюс,37817,4780.0,,
2018-12-06,PLZL,Полюс,22684,4775.0,,
2018-12-07,PLZL,Полюс,42177,4847.5,,
2018-12-10,PLZL,Полюс,84801,5024.5,,
2018-12-11,PLZL,Полюс,76881,4873.5,,
2018-12-12,PLZL,Полюс,25329,4878.0,,
2018-12-13,PLZL,Полюс,51222,4999.0,,
2018-12-14,PLZL,Полюс,49780,4991.5,,
2018-12-17,PLZL,Полюс,26276,5024.5,,
2018-12-18,PLZL,Полюс,58485,5053.0,,
2018-12-19,PLZL,Полюс,78850,5175.5,,
2018-12-20,PLZL,Полюс,116067,5167.0,,
2018-12-21,PLZL,Полюс,111087,5300.0,,
2018-12-24,PLZL,Полюс,35211,5300.0,,
2018-12-25,PLZL,Полюс,16457,5219.0,,
2018-12-26,PLZL,Полюс,20941,5200.0,,
2018-12-27,PLZL,Полюс,50138,5298.5,,
2018-12-28,PLZL,Полюс,34462,5392.0,,
2018-12-29,PLZL,Полюс,3525,5399.0,,
2019-01-03,PLZL,Полюс,27782,5299.5,,
2019-01-04,PLZL,Полюс,34476,5286.5,,
2019-01-08,PLZL,Полюс,46091,5134.5,,
2019-01-09,PLZL,Полюс,38262,5275.0,,
2019-01-10,PLZL,Полюс,61688,5414.0,,
2019-01-11,PLZL,Полюс,49216,5416.0,,
2019-01-14,PLZL,Полюс,41119,5372.5,,
2019-01-15,PLZL,Полюс,27745,5365.0,,
2019-01-16,PLZL,Полюс,44198,5339.5,,
2019-01-17,PLZL,Полюс,40927,5400.0,,
2019-01-18,PLZL,Полюс,38248,5370.0,,
2019-01-21,PLZL,Полюс,21163,5330.0,,
2019-01-22,PLZL,Полюс,44077,5398.0,,
2019-01-23,PLZL,Полюс,32780,5400.0,,
2019-01-24,PLZL,Полюс,49776,5359.0,,
2019-01-25,PLZL,Полюс,40470,5390.0,,
2019-01-28,PLZL,Полюс,28555,5371.5,,
2019-01-29,PLZL,Полюс,52483,5550.0,,
2019-01-30,PLZL,Полюс,44779,5548.0,,
2019-01-31,PLZL,Полюс,66688,5494.0,,
2019-02-01,PLZL,Полюс,45824,5521.5,,
2019-02-04,PLZL,Полюс,20202,5490.5,,
2019-02-05,PLZL,Полюс,25246,5526.5,,
2019-02-06,PLZL,Полюс,46265,5530.0,,
2019-02-07,PLZL,Полюс,36882,5475.5,,
2019-02-08,PLZL,Полюс,49481,5440.0,,
2019-02-11,PLZL,Полюс,54656,5300.0,,
2019-02-12,PLZL,Полюс,52137,5300.0,,
2019-02-13,PLZL,Полюс,61087,5213.5,,
2019-02-14,PLZL,Полюс,65445,5320.0,,
2019-02-15,PLZL,Полюс,66213,5344.5,,
2019-02-18,PLZL,Полюс,99942,5430.5,,
2019-02-19,PLZL,Полюс,49038,5445.0,,
2019-02-20,PLZL,Полюс,62087,5445.0,,
2019-02-21,PLZL,Полюс,85608,5370.0,,
2019-02-22,PLZL,Полюс,57742,5360.0,,
2019-02-25,PLZL,Полюс,25198,5373.0,,
2019-02-26,PLZL,Полюс,202870,5445.0,,
2019-02-27,PLZL,Полюс,106649,5450.0,,
2019-02-28,PLZL,Полюс,92935,5470.0,,
2019-03-01,PLZL,Полюс,48325,5350.5,,
2019-03-04,PLZL,Полюс,72335,5092.0,,
2019-03-05,PLZL,Полюс,69058,5139.5,,
2019-03-06,PLZL,Полюс,53376,5205.5,,
2019-03-07,PLZL,Полюс,33387,5200.0,,
2019-03-11,PLZL,Полюс,76311,5235.0,,
2019-03-12,PLZL,Полюс,65093,5325.0,,
2019-03-13,PLZL,Полюс,121299,5444.5,,
2019-03-14,PLZL,Полюс,70559,5468.0,,
2019-03-15,PLZL,Полюс,201290,5343.5,,
2019-03-18,PLZL,Полюс,81701,5460.5,,
2019-03-19,PLZL,Полюс,34887,5493.0,,
2019-03-20,PLZL,Полюс,139040,5342.0,,
2019-03-21,PLZL,Полюс,68339,5394.0,,
2019-03-22,PLZL,Полюс,35965,5393.5,,
2019-03-25,PLZL,Полюс,42301,5260.0,,
2019-03-26,PLZL,Полюс,96348,5434.0,,
2019-03-27,PLZL,Полюс,49566,5410.0,,
2019-03-28,PLZL,Полюс,29432,5416.5,,
2019-03-29,PLZL,Полюс,37543,5437.0,,
2019-04-01,PLZL,Полюс,24663,5421.5,,
2019-04-02,PLZL,Полюс,16348,5480.0,,
2019-04-03,PLZL,Полюс,376908,5320.0,,
2019-04-04,PLZL,Полюс,786452,5100.0,,
2019-04-05,PLZL,Полюс,131557,5096.0,,
2019-04-08,PLZL,Полюс,413639,5141.0,,
2019-04-09,PLZL,Полюс,149008,5092.0,,
2019-04-10,PLZL,Полюс,207882,4990.0,,
2019-04-11,PLZL,Полюс,122092,4930.0,,
2019-04-12,PLZL,Полюс,55735,4950.0,,
2019-04-15,PLZL,Полюс,131093,4835.0,,
2019-04-16,PLZL,Полюс,153629,4922.0,,
2019-04-17,PLZL,Полюс,73872,4950.0,,
2019-04-18,PLZL,Полюс,75642,4982.0,,
2019-04-19,PLZL,Полюс,19717,5000.0,,
2019-04-22,PLZL,Полюс,40042,5049.0,,
2019-04-23,PLZL,Полюс,90775,4905.0,,
2019-04-24,PLZL,Полюс,79042,4965.0,,
2019-04-25,PLZL,Полюс,52549,4957.0,,
2019-04-26,PLZL,Полюс,78357,5060.0,,
2019-04-29,PLZL,Полюс,42495,5052.5,,
2019-04-30,PLZL,Полюс,48979,5037.5,,
2019-05-02,PLZL,Полюс,16898,5040.0,,
2019-05-03,PLZL,Полюс,28387,5050.0,,
2019-05-06,PLZL,Полюс,33568,5055.0,,
2019-05-07,PLZL,Полюс,40129,5033.0,,
2019-05-08,PLZL,Полюс,46235,5019.0,,
2019-05-10,PLZL,Полюс,33210,4990.0,,
2019-05-13,PLZL,Полюс,67243,5001.0,,
2019-05-14,PLZL,Полюс,121835,5018.0,,
2019-05-15,PLZL,Полюс,74601,4950.0,,
2019-05-16,PLZL,Полюс,45462,4930.0,143.62,RUB
2019-05-17,PLZL,Полюс,78972,4844.5,,
2019-05-20,PLZL,Полюс,66960,4773.0,,
2019-05-21,PLZL,Полюс,47274,4833.0,,
2019-05-22,PLZL,Полюс,48645,4906.0,,
2019-05-23,PLZL,Полюс,85720,4972.0,,
2019-05-24,PLZL,Полюс,55233,4985.0,,
2019-05-27,PLZL,Полюс,15996,4985.5,,
2019-05-28,PLZL,Полюс,185264,4970.0,,
2019-05-29,PLZL,Полюс,94526,5053.0,,
2019-05-30,PLZL,Полюс,58289,5075.0,,
2019-05-31,PLZL,Полюс,150799,5170.5,,
2019-06-03,PLZL,Полюс,119818,5244.0,,
2019-06-04,PLZL,Полюс,60566,5269.5,,
2019-06-05,PLZL,Полюс,61059,5323.0,,
2019-06-06,PLZL,Полюс,48022,5326.0,,
2019-06-07,PLZL,Полюс,120584,5460.0,,
2019-06-10,PLZL,Полюс,200776,5485.0,,
2019-06-11,PLZL,Полюс,147501,5576.0,,
2019-06-13,PLZL,Полюс,229087,5580.0,,
2019-06-14,PLZL,Полюс,218379,5721.0,,
2019-06-17,PLZL,Полюс,113002,5600.0,,
2019-06-18,PLZL,Полюс,184852,5646.0,,
2019-06-19,PLZL,Полюс,96346,5560.0,,
2019-06-20,PLZL,Полюс,183843,5638.5,,
2019-06-21,PLZL,Полюс,152263,5805.5,,
2019-06-24,PLZL,Полюс,109138,5931.0,,
2019-06-25,PLZL,Полюс,90992,5931.0,,
2019-06-26,PLZL,Полюс,90815,5896.0,,
2019-06-27,PLZL,Полюс,80250,5836.0,,
2019-06-28,PLZL,Полюс,63243,5828.0,,
2019-07-01,PLZL,Полюс,183789,5695.0,,
2019-07-02,PLZL,Полюс,114999,5848.0,,
2019-07-03,PLZL,Полюс,194616,6029.0,,
2019-07-04,PLZL,Полюс,65089,6108.5,,
2019-07-05,PLZL,Полюс,214330,6200.0,,
2019-07-08,PLZL,Полюс,84778,6225.0,,
2019-07-09,PLZL,Полюс,92244,6209.0,,
2019-07-10,PLZL,Полюс,142451,6293.0,,
2019-07-11,PLZL,Полюс,128801,6225.0,,
2019-07-12,PLZL,Полюс,170676,6316.0,,
2019-07-15,PLZL,Полюс,56649,6300.0,,
2019-07-16,PLZL,Полюс,53096,6371.5,,
2019-07-17,PLZL,Полюс,47027,6385.0,,
2019-07-18,PLZL,Полюс,39099,6413.0,,
2019-07-19,PLZL,Полюс,63011,6472.0,,
2019-07-22,PLZL,Полюс,87393,6476.0,,
2019-07-23,PLZL,Полюс,119180,6400.0,,
2019-07-24,PLZL,Полюс,56268,6416.0,,
2019-07-25,PLZL,Полюс,63737,6490.0,,
2019-07-26,PLZL,Полюс,72992,6412.5,,
2019-07-29,PLZL,Полюс,28479,6467.5,,
2019-07-30,PLZL,Полюс,30545,6500.0,,
2019-07-31,PLZL,Полюс,54126,6460.0,,
2019-08-01,PLZL,Полюс,55558,6431.0,,
2019-08-02,PLZL,Полюс,119957,6510.0,,
2019-08-05,PLZL,Полюс,211893,6844.5,,
2019-08-06,PLZL,Полюс,184406,6791.5,,
2019-08-07,PLZL,Полюс,113375,6944.0,,
2019-08-08,PLZL,Полюс,80367,6897.5,,
2019-08-09,PLZL,Полюс,119776,7010.0,,
2019-08-12,PLZL,Полюс,131842,7090.0,,
2019-08-13,PLZL,Полюс,239036,7024.0,,
2019-08-14,PLZL,Полюс,146955,7194.0,,
2019-08-15,PLZL,Полюс,143390,7254.0,,
2019-08-16,PLZL,Полюс,174973,7130.0,,
2019-08-19,PLZL,Полюс,222363,7200.0,,
2019-08-20,PLZL,Полюс,168356,7314.0,,
2019-08-21,PLZL,Полюс,146547,7244.0,,
2019-08-22,PLZL,Полюс,196581,7236.0,,
2019-08-23,PLZL,Полюс,130080,7280.0,,
2019-08-26,PLZL,Полюс,153337,7485.0,,
2019-08-27,PLZL,Полюс,236146,7574.0,,
2019-08-28,PLZL,Полюс,105398,7510.0,,
2019-08-29,PLZL,Полюс,106187,7524.0,,
2019-08-30,PLZL,Полюс,176967,7665.0,,
2019-09-02,PLZL,Полюс,67417,7600.0,,
2019-09-03,PLZL,Полюс,61379,7618.5,,
2019-09-04,PLZL,Полюс,137694,7573.5,,
2019-09-05,PLZL,Полюс,134432,7400.0,,
2019-09-06,PLZL,Полюс,231997,7470.0,,
2019-09-09,PLZL,Полюс,96371,7383.0,,
2019-09-10,PLZL,Полюс,118141,7301.0,,
2019-09-11,PLZL,Полюс,144796,7440.0,,
2019-09-12,PLZL,Полюс,93706,7500.0,,
2019-09-13,PLZL,Полюс,101679,7457.5,,
2019-09-16,PLZL,Полюс,132776,7636.0,,
2019-09-17,PLZL,Полюс,86928,7734.0,,
2019-09-18,PLZL,Полюс,102820,7784.5,,
2019-09-19,PLZL,Полюс,63794,7731.0,,
2019-09-20,PLZL,Полюс,83507,7770.0,,
2019-09-23,PLZL,Полюс,92011,7640.0,,
2019-09-24,PLZL,Полюс,57251,7720.5,,
2019-09-25,PLZL,Полюс,74454,7778.5,,
2019-09-26,PLZL,Полюс,60503,7775.0,,
2019-09-27,PLZL,Полюс,114144,7561.5,,
2019-09-30,PLZL,Полюс,101545,7545.0,,
2019-10-01,PLZL,Полюс,96092,7549.0,,
2019-10-02,PLZL,Полюс,60519,7452.0,,
2019-10-03,PLZL,Полюс,31429,7477.5,,
2019-10-04,PLZL,Полюс,37410,7525.0,,
2019-10-07,PLZL,Полюс,37064,7515.0,,
2019-10-08,PLZL,Полюс,96279,7680.0,,
2019-10-09,PLZL,Полюс,77103,7575.5,,
2019-10-10,PLZL,Полюс,42627,7530.5,162.98,RUB
2019-10-11,PLZL,Полюс,122622,7260.0,,
2019-10-14,PLZL,Полюс,85542,7159.0,,
2019-10-15,PLZL,Полюс,105609,7111.0,,
2019-10-16,PLZL,Полюс,67647,7286.5,,
2019-10-17,PLZL,Полюс,95165,7210.0,,
2019-10-18,PLZL,Полюс,53962,7400.0,,
2019-10-21,PLZL,Полюс,97203,7213.0,,
2019-10-22,PLZL,Полюс,100796,7130.0,,
2019-10-23,PLZL,Полюс,75088,7160.0,,
2019-10-24,PLZL,Полюс,69377,7276.5,,
2019-10-25,PLZL,Полюс,53853,7259.0,,
2019-10-28,PLZL,Полюс,98248,7301.0,,
2019-10-29,PLZL,Полюс,72673,7297.0,,
2019-10-30,PLZL,Полюс,80881,7354.0,,
2019-10-31,PLZL,Полюс,206119,7469.0,,
2019-11-01,PLZL,Полюс,133946,7400.0,,
2019-11-05,PLZL,Полюс,180565,7377.0,,
2019-11-06,PLZL,Полюс,185409,7616.0,,
2019-11-07,PLZL,Полюс,119211,7415.0,,
2019-11-08,PLZL,Полюс,164754,7195.0,,
2019-11-11,PLZL,Полюс,72559,7185.0,,
2019-11-12,PLZL,Полюс,130785,7047.5,,
2019-11-13,PLZL,Полюс,85464,7137.0,,
2019-11-14,PLZL,Полюс,124377,7093.0,,
2019-11-15,PLZL,Полюс,73793,7084.0,,
2019-11-18,PLZL,Полюс,114045,7052.5,,
2019-11-19,PLZL,Полюс,75768,6983.5,,
2019-11-20,PLZL,Полюс,94364,7040.5,,
2019-11-21,PLZL,Полюс,133485,6832.0,,
2019-11-22,PLZL,Полюс,79980,6927.5,,
2019-11-25,PLZL,Полюс,96791,6792.0,,
2019-11-26,PLZL,Полюс,378814,6728.5,,
2019-11-27,PLZL,Полюс,111094,6822.0,,
2019-11-28,PLZL,Полюс,63253,6840.5,,
2019-11-29,PLZL,Полюс,66095,6891.0,,
2019-12-02,PLZL,Полюс,53246,6885.0,,
2019-12-03,PLZL,Полюс,139323,6996.0,,
2019-12-04,PLZL,Полюс,94763,6933.5,,
2019-12-05,PLZL,Полюс,88415,6894.0,,
2019-12-06,PLZL,Полюс,129597,6758.0,,
2019-12-09,PLZL,Полюс,52843,6792.0,,
2019-12-10,PLZL,Полюс,66862,6842.5,,
2019-12-11,PLZL,Полюс,168156,7142.5,,
2019-12-12,PLZL,Полюс,127208,7095.0,,
2019-12-13,PLZL,Полюс,116240,6987.0,,
2019-12-16,PLZL,Полюс,45077,7000.0,,
2019-12-17,PLZL,Полюс,123007,6941.0,,
2019-12-18,PLZL,Полюс,118381,6959.0,,
2019-12-19,PLZL,Полюс,95909,6855.0,,
2019-12-20,PLZL,Полюс,62766,6771.5,,
2019-12-23,PLZL,Полюс,71772,6868.0,,
2019-12-24,PLZL,Полюс,44393,6940.5,,
2019-12-25,PLZL,Полюс,17903,6976.5,,
2019-12-26,PLZL,Полюс,56719,7140.0,,
2019-12-27,PLZL,Полюс,61435,7145.0,,
2019-12-30,PLZL,Полюс,68236,7103.5,,
2020-01-03,PLZL,Полюс,122316,7286.0,,
2020-01-06,PLZL,Полюс,140372,7421.5,,
2020-01-08,PLZL,Полюс,122933,7468.0,,
2020-01-09,PLZL,Полюс,105171,7326.0,,
2020-01-10,PLZL,Полюс,81847,7220.0,,
2020-01-13,PLZL,Полюс,91594,7357.5,,
2020-01-14,PLZL,Полюс,114099,7391.0,,
2020-01-15,PLZL,Полюс,93684,7421.5,,
2020-01-16,PLZL,Полюс,87620,7379.0,,
2020-01-17,PLZL,Полюс,85253,7360.0,,
2020-01-20,PLZL,Полюс,48198,7385.0,,
2020-01-21,PLZL,Полюс,88453,7374.5,,
2020-01-22,PLZL,Полюс,49891,7380.0,,
2020-01-23,PLZL,Полюс,62158,7377.5,,
2020-01-24,PLZL,Полюс,63061,7448.5,,
2020-01-27,PLZL,Полюс,354128,7857.0,,
2020-01-28,PLZL,Полюс,213609,7775.0,,
2020-01-29,PLZL,Полюс,120039,7752.0,,
2020-01-30,PLZL,Полюс,130660,7819.5,,
2020-01-31,PLZL,Полюс,93011,7814.5,,
2020-02-03,PLZL,Полюс,150480,7698.0,,
2020-02-04,PLZL,Полюс,181368,7529.0,,
2020-02-05,PLZL,Полюс,152346,7481.0,,
2020-02-06,PLZL,Полюс,108182,7562.0,,
2020-02-07,PLZL,Полюс,150711,7765.5,,
2020-02-10,PLZL,Полюс,160471,7915.5,,
2020-02-11,PLZL,Полюс,157010,7895.5,,
2020-02-12,PLZL,Полюс,102844,7838.5,,
2020-02-13,PLZL,Полюс,75410,7968.5,,
2020-02-14,PLZL,Полюс,90238,8003.0,,
2020-02-17,PLZL,Полюс,56222,7922.0,,
2020-02-18,PLZL,Полюс,113234,8000.0,,
2020-02-19,PLZL,Полюс,113439,8111.0,,
2020-02-20,PLZL,Полюс,264412,8200.0,,
2020-02-21,PLZL,Полюс,313247,8507.5,,
2020-02-25,PLZL,Полюс,428376,8780.0,,
2020-02-26,PLZL,Полюс,298697,8644.5,,
2020-02-27,PLZL,Полюс,172262,8901.5,,
2020-02-28,PLZL,Полюс,419875,8464.0,,
2020-03-02,PLZL,Полюс,202843,8540.5,,
2020-03-03,PLZL,Полюс,249849,8591.0,,
2020-03-04,PLZL,Полюс,153935,8566.5,,
2020-03-05,PLZL,Полюс,342244,8628.0,,
2020-03-06,PLZL,Полюс,273601,8885.0,,
2020-03-10,PLZL,Полюс,383341,9381.5,,
2020-03-11,PLZL,Полюс,175693,9372.5,,
2020-03-12,PLZL,Полюс,359910,8970.0,,
2020-03-13,PLZL,Полюс,298759,8744.5,,
2020-03-16,PLZL,Полюс,488866,7954.0,,
2020-03-17,PLZL,Полюс,417086,8121.0,,
2020-03-18,PLZL,Полюс,358047,8383.5,,
2020-03-19,PLZL,Полюс,354496,8456.5,,
2020-03-20,PLZL,Полюс,354585,8495.5,,
2020-03-23,PLZL,Полюс,267100,8423.0,,
2020-03-24,PLZL,Полюс,322210,9520.5,,
2020-03-25,PLZL,Полюс,319922,9995.0,,
2020-03-26,PLZL,Полюс,358405,11047.5,,
2020-03-27,PLZL,Полюс,197523,10820.5,,
2020-03-30,PLZL,Полюс,236419,11172.5,,
2020-03-31,PLZL,Полюс,344764,10637.5,,
2020-04-01,PLZL,Полюс,318407,10038.0,,
2020-04-02,PLZL,Полюс,324283,10354.5,,
2020-04-03,PLZL,Полюс,160449,10394.5,,
2020-04-06,PLZL,Полюс,205499,10818.5,,
2020-04-07,PLZL,Полюс,137850,10970.0,,
2020-04-08,PLZL,Полюс,161534,11050.5,,
2020-04-09,PLZL,Полюс,215802,11260.5,,
2020-04-10,PLZL,Полюс,111014,11401.0,,
2020-04-13,PLZL,Полюс,123925,11525.0,,
2020-04-14,PLZL,Полюс,377327,12150.0,,
2020-04-15,PLZL,Полюс,296855,11472.5,,
2020-04-16,PLZL,Полюс,273407,11940.0,,
2020-04-17,PLZL,Полюс,233967,11685.0,,
2020-04-20,PLZL,Полюс,259877,11635.0,,
2020-04-21,PLZL,Полюс,309230,11794.5,,
2020-04-22,PLZL,Полюс,353297,12209.0,,
2020-04-23,PLZL,Полюс,408476,11951.0,,
2020-04-24,PLZL,Полюс,164243,12095.0,,
2020-04-27,PLZL,Полюс,188936,12081.0,,
2020-04-28,PLZL,Полюс,254016,11916.5,,
2020-04-29,PLZL,Полюс,198253,11935.5,,
2020-04-30,PLZL,Полюс,151514,12110.0,,
2020-05-04,PLZL,Полюс,190503,12023.0,,
2020-05-05,PLZL,Полюс,111611,11832.0,,
2020-05-06,PLZL,Полюс,126388,11920.5,,
2020-05-07,PLZL,Полюс,142263,11839.0,,
2020-05-08,PLZL,Полюс,76909,11973.0,,
2020-05-12,PLZL,Полюс,164973,11979.0,,
2020-05-13,PLZL,Полюс,245089,12295.0,,
2020-05-14,PLZL,Полюс,143559,12350.0,,
2020-05-15,PLZL,Полюс,124381,12306.0,,
2020-05-18,PLZL,Полюс,264892,12257.0,,
2020-05-19,PLZL,Полюс,203305,12110.0,,
2020-05-20,PLZL,Полюс,183655,12073.5,,
2020-05-21,PLZL,Полюс,137540,11925.0,,
2020-05-22,PLZL,Полюс,136330,11814.5,,
2020-05-25,PLZL,Полюс,59343,11975.0,,
2020-05-26,PLZL,Полюс,147649,11628.0,,
2020-05-27,PLZL,Полюс,302924,11262.5,,
2020-05-28,PLZL,Полюс,189537,11340.0,,
2020-05-29,PLZL,Полюс,655920,11673.0,,
2020-06-01,PLZL,Полюс,172075,11400.0,,
2020-06-02,PLZL,Полюс,213079,11142.0,,
2020-06-03,PLZL,Полюс,423438,10567.0,,
2020-06-04,PLZL,Полюс,395376,10688.5,,
2020-06-05,PLZL,Полюс,311404,10246.0,,
2020-06-08,PLZL,Полюс,330705,10149.0,,
2020-06-09,PLZL,Полюс,364118,10465.0,,
2020-06-10,PLZL,Полюс,268000,10589.5,,
2020-06-11,PLZL,Полюс,338322,10888.0,,
2020-06-15,PLZL,Полюс,250140,10520.0,,
2020-06-16,PLZL,Полюс,179185,10345.0,,
2020-06-17,PLZL,Полюс,247865,10742.0,,
2020-06-18,PLZL,Полюс,218863,10850.0,,
2020-06-19,PLZL,Полюс,359407,11067.5,,
2020-06-22,PLZL,Полюс,257826,11336.5,,
2020-06-23,PLZL,Полюс,199922,11583.5,,
2020-06-25,PLZL,Полюс,247832,11673.0,,
2020-06-26,PLZL,Полюс,142151,11738.5,,
2020-06-29,PLZL,Полюс,219174,11890.0,,
2020-06-30,PLZL,Полюс,172987,11970.0,,
2020-07-02,PLZL,Полюс,208227,11974.0,,
2020-07-03,PLZL,Полюс,170542,12220.0,,
2020-07-06,PLZL,Полюс,209437,12491.0,,
2020-07-07,PLZL,Полюс,174710,12707.0,,
2020-07-08,PLZL,Полюс,236782,12914.0,,
2020-07-09,PLZL,Полюс,327243,13280.0,,
2020-07-10,PLZL,Полюс,329078,13170.5,,
2020-07-13,PLZL,Полюс,211209,12852.0,,
2020-07-14,PLZL,Полюс,264651,12819.5,,
2020-07-15,PLZL,Полюс,250084,13270.0,,
2020-07-16,PLZL,Полюс,318624,13168.0,,
2020-07-17,PLZL,Полюс,140339,13225.0,,
2020-07-20,PLZL,Полюс,144374,13342.0,,
2020-07-21,PLZL,Полюс,151642,13484.5,,
2020-07-22,PLZL,Полюс,188305,13920.0,,
2020-07-23,PLZL,Полюс,295189,14498.0,,
2020-07-24,PLZL,Полюс,340898,15265.0,,
2020-07-27,PLZL,Полюс,620592,17248.0,,
2020-07-28,PLZL,Полюс,563457,16580.0,,
2020-07-29,PLZL,Полюс,393061,16650.0,,
2020-07-30,PLZL,Полюс,222351,16240.0,,
2020-07-31,PLZL,Полюс,368890,16949.0,,
2020-08-03,PLZL,Полюс,188257,16850.0,,
2020-08-04,PLZL,Полюс,229203,17380.5,,
2020-08-05,PLZL,Полюс,498629,18169.5,,
2020-08-06,PLZL,Полюс,322328,18592.0,,
2020-08-07,PLZL,Полюс,482098,18067.5,,
2020-08-10,PLZL,Полюс,244733,17753.0,,
2020-08-11,PLZL,Полюс,445790,16834.0,,
2020-08-12,PLZL,Полюс,387220,17301.5,,
2020-08-13,PLZL,Полюс,218349,17460.0,,
2020-08-14,PLZL,Полюс,155017,17419.0,,
2020-08-17,PLZL,Полюс,268967,18152.5,,
2020-08-18,PLZL,Полюс,329605,17948.0,,
2020-08-19,PLZL,Полюс,247392,17633.0,,
2020-08-20,PLZL,Полюс,176987,17830.0,,
2020-08-21,PLZL,Полюс,161842,17686.0,,
2020-08-24,PLZL,Полюс,170160,17966.0,,
2020-08-25,PLZL,Полюс,97574,17985.5,,
2020-08-26,PLZL,Полюс,202145,18344.5,,
2020-08-27,PLZL,Полюс,174104,18170.0,,
2020-08-28,PLZL,Полюс,231331,18366.0,244.75,RUB
2020-08-31,PLZL,Полюс,227940,18085.5,,
2020-09-01,PLZL,Полюс,296656,17868.0,,
2020-09-02,PLZL,Полюс,238993,17529.5,,
2020-09-03,PLZL,Полюс,330001,16951.0,,
2020-09-04,PLZL,Полюс,217930,17266.0,,
2020-09-07,PLZL,Полюс,159204,17431.0,,
2020-09-08,PLZL,Полюс,211925,17023.0,,
2020-09-09,PLZL,Полюс,253314,16735.0,,
2020-09-10,PLZL,Полюс,204313,16806.5,,
2020-09-11,PLZL,Полюс,238284,17067.0,,
2020-09-14,PLZL,Полюс,187427,16950.0,,
2020-09-15,PLZL,Полюс,161175,16943.0,,
2020-09-16,PLZL,Полюс,245718,17270.0,,
2020-09-17,PLZL,Полюс,301910,16947.0,,
2020-09-18,PLZL,Полюс,256708,16930.0,,
2020-09-21,PLZL,Полюс,205996,16460.0,,
2020-09-22,PLZL,Полюс,200456,16285.0,,
2020-09-23,PLZL,Полюс,211273,16309.5,,
2020-09-24,PLZL,Полюс,214814,16335.0,,
2020-09-25,PLZL,Полюс,128871,16335.5,,
2020-09-28,PLZL,Полюс,148335,16423.5,,
2020-09-29,PLZL,Полюс,118379,16658.0,,
2020-09-30,PLZL,Полюс,134698,16250.5,,
2020-10-01,PLZL,Полюс,121496,16352.0,,
2020-10-02,PLZL,Полюс,173807,16737.0,,
2020-10-05,PLZL,Полюс,129335,16962.5,,
2020-10-06,PLZL,Полюс,162649,16401.0,,
2020-10-07,PLZL,Полюс,91061,16566.0,,
2020-10-08,PLZL,Полюс,177610,16883.0,,
2020-10-09,PLZL,Полюс,120279,16981.5,,
2020-10-12,PLZL,Полюс,123984,16850.0,,
2020-10-13,PLZL,Полюс,67084,16655.0,,
2020-10-14,PLZL,Полюс,249854,17430.0,,
2020-10-15,PLZL,Полюс,158858,17318.5,,
2020-10-16,PLZL,Полюс,172712,17399.5,,
2020-10-19,PLZL,Полюс,72599,17268.5,,
2020-10-20,PLZL,Полюс,84193,17130.0,240.18,RUB
2020-10-21,PLZL,Полюс,125572,16800.5,,
2020-10-22,PLZL,Полюс,155783,16768.5,,
2020-10-23,PLZL,Полюс,97749,16527.0,,
2020-10-26,PLZL,Полюс,96849,16141.5,,
2020-10-27,PLZL,Полюс,100507,16499.0,,
2020-10-28,PLZL,Полюс,201473,15935.0,,
2020-10-29,PLZL,Полюс,137427,15601.0,,
2020-10-30,PLZL,Полюс,162179,15536.5,,
2020-11-02,PLZL,Полюс,148982,16319.0,,
2020-11-03,PLZL,Полюс,172615,16670.5,,
2020-11-05,PLZL,Полюс,215722,17195.0,,
2020-11-06,PLZL,Полюс,223882,17697.5,,
2020-11-09,PLZL,Полюс,584435,16615.0,,
2020-11-10,PLZL,Полюс,323933,16432.5,,
2020-11-11,PLZL,Полюс,364559,15880.0,,
2020-11-12,PLZL,Полюс,305271,16033.0,,
2020-11-13,PLZL,Полюс,217888,16295.5,,
2020-11-16,PLZL,Полюс,225301,16035.0,,
2020-11-17,PLZL,Полюс,165600,15790.5,,
2020-11-18,PLZL,Полюс,129016,15770.5,,
2020-11-19,PLZL,Полюс,217219,15490.0,,
2020-11-20,PLZL,Полюс,160854,15410.0,,
2020-11-23,PLZL,Полюс,403352,14785.0,,
2020-11-24,PLZL,Полюс,618664,14630.0,,
2020-11-25,PLZL,Полюс,219779,14570.0,,
2020-11-26,PLZL,Полюс,278035,15020.0,,
2020-11-27,PLZL,Полюс,232892,14640.0,,
2020-11-30,PLZL,Полюс,247391,14530.0,,
2020-12-01,PLZL,Полюс,295057,14859.0,,
2020-12-02,PLZL,Полюс,288251,14656.5,,
2020-12-03,PLZL,Полюс,209806,14503.0,,
2020-12-04,PLZL,Полюс,134168,14360.0,,
2020-12-07,PLZL,Полюс,425702,14740.0,,
2020-12-08,PLZL,Полюс,347289,15061.0,,
2020-12-09,PLZL,Полюс,262042,14580.0,,
2020-12-10,PLZL,Полюс,188076,14429.5,,
2020-12-11,PLZL,Полюс,180005,14212.5,,
2020-12-14,PLZL,Полюс,220036,14393.5,,
2020-12-15,PLZL,Полюс,246845,14899.5,,
2020-12-16,PLZL,Полюс,174854,14750.0,,
2020-12-17,PLZL,Полюс,387853,15286.0,,
2020-12-18,PLZL,Полюс,352167,15320.0,,
2020-12-21,PLZL,Полюс,288245,15650.0,,
2020-12-22,PLZL,Полюс,247239,15102.0,,
2020-12-23,PLZL,Полюс,122009,15191.5,,
2020-12-24,PLZL,Полюс,58376,15195.0,,
2020-12-25,PLZL,Полюс,23781,15183.0,,
2020-12-28,PLZL,Полюс,95429,15175.0,,
2020-12-29,PLZL,Полюс,79363,15229.0,,
2020-12-30,PLZL,Полюс,75278,15245.0,,
2021-01-04,PLZL,Полюс,314058,15948.0,,
2021-01-05,PLZL,Полюс,282060,15987.5,,
2021-01-06,PLZL,Полюс,203989,15792.5,,
2021-01-08,PLZL,Полюс,308972,15396.0,,
2021-01-11,PLZL,Полюс,179879,15489.0,,
2021-01-12,PLZL,Полюс,149972,15419.5,,
2021-01-13,PLZL,Полюс,134414,15426.0,,
2021-01-14,PLZL,Полюс,268319,15080.0,,
2021-01-15,PLZL,Полюс,149740,14840.0,,
2021-01-18,PLZL,Полюс,177463,14840.5,,
2021-01-19,PLZL,Полюс,144679,14690.5,,
2021-01-20,PLZL,Полюс,241474,15055.0,,
2021-01-21,PLZL,Полюс,175697,15059.5,,
2021-01-22,PLZL,Полюс,186665,14835.0,,
2021-01-25,PLZL,Полюс,136342,15048.0,,
2021-01-26,PLZL,Полюс,185084,15119.0,,
2021-01-27,PLZL,Полюс,95998,14860.0,,
2021-01-28,PLZL,Полюс,190318,14669.5,,
2021-01-29,PLZL,Полюс,339605,14305.5,,
2021-02-01,PLZL,Полюс,236030,14793.0,,
2021-02-02,PLZL,Полюс,255826,14893.0,,
2021-02-03,PLZL,Полюс,153541,14599.5,,
2021-02-04,PLZL,Полюс,157213,14454.0,,
2021-02-05,PLZL,Полюс,126219,14600.0,,
2021-02-08,PLZL,Полюс,149542,14550.5,,
2021-02-09,PLZL,Полюс,84601,14530.5,,
2021-02-10,PLZL,Полюс,128140,14404.5,,
2021-02-11,PLZL,Полюс,75540,14394.0,,
2021-02-12,PLZL,Полюс,75830,14390.0,,
2021-02-15,PLZL,Полюс,60384,14470.5,,
2021-02-16,PLZL,Полюс,136704,14400.0,,
2021-02-17,PLZL,Полюс,203197,14099.0,,
2021-02-18,PLZL,Полюс,151925,13772.5,,
2021-02-19,PLZL,Полюс,138795,13948.0,,
2021-02-20,PLZL,Полюс,12639,13988.0,,
2021-02-22,PLZL,Полюс,116853,13929.0,,
2021-02-24,PLZL,Полюс,182519,14091.0,,
2021-02-25,PLZL,Полюс,206490,14120.0,,
2021-02-26,PLZL,Полюс,173415,14027.0,,
2021-03-01,PLZL,Полюс,151464,14260.0,,
2021-03-02,PLZL,Полюс,177988,14505.0,,
2021-03-03,PLZL,Полюс,226510,14401.5,,
2021-03-04,PLZL,Полюс,123448,14064.0,,
2021-03-05,PLZL,Полюс,164634,14500.0,,
2021-03-09,PLZL,Полюс,155492,14513.0,,
2021-03-10,PLZL,Полюс,186072,14107.5,,
2021-03-11,PLZL,Полюс,95582,14231.0,,
2021-03-12,PLZL,Полюс,107253,14110.5,,
2021-03-15,PLZL,Полюс,152405,14089.5,,
2021-03-16,PLZL,Полюс,89988,14175.5,,
2021-03-17,PLZL,Полюс,75812,14264.0,,
2021-03-18,PLZL,Полюс,143356,14299.5,,
2021-03-19,PLZL,Полюс,147888,14301.5,,
2021-03-22,PLZL,Полюс,77741,14120.0,,
2021-03-23,PLZL,Полюс,73517,14147.0,,
2021-03-24,PLZL,Полюс,96272,13992.5,,
2021-03-25,PLZL,Полюс,69870,13917.0,,
2021-03-26,PLZL,Полюс,176768,13930.5,,
2021-03-29,PLZL,Полюс,97212,13838.5,,
2021-03-30,PLZL,Полюс,160312,13505.0,,
2021-03-31,PLZL,Полюс,153497,13926.0,,
2021-04-01,PLZL,Полюс,139594,13928.5,,
2021-04-02,PLZL,Полюс,27182,13944.0,,
2021-04-05,PLZL,Полюс,44737,13871.0,,
2021-04-06,PLZL,Полюс,182276,14361.5,,
2021-04-07,PLZL,Полюс,105999,14269.0,,
2021-04-08,PLZL,Полюс,100512,14267.0,,
2021-04-09,PLZL,Полюс,96523,14313.0,,
2021-04-12,PLZL,Полюс,92284,14488.0,,
2021-04-13,PLZL,Полюс,136195,14618.0,,
2021-04-14,PLZL,Полюс,164207,14610.0,,
2021-04-15,PLZL,Полюс,118400,14879.5,,
2021-04-16,PLZL,Полюс,150615,15004.0,,
2021-04-19,PLZL,Полюс,205802,15232.5,,
2021-04-20,PLZL,Полюс,177739,15349.0,,
2021-04-21,PLZL,Полюс,194316,15642.5,,
2021-04-22,PLZL,Полюс,248183,15671.5,,
2021-04-23,PLZL,Полюс,184171,15244.0,,
2021-04-26,PLZL,Полюс,195162,14989.0,,
2021-04-27,PLZL,Полюс,153705,14666.0,,
2021-04-28,PLZL,Полюс,101645,14572.0,,
2021-04-29,PLZL,Полюс,191641,14123.0,,
2021-04-30,PLZL,Полюс,115622,13959.5,,
2021-05-04,PLZL,Полюс,138512,14080.0,,
2021-05-05,PLZL,Полюс,72165,14280.0,,
2021-05-06,PLZL,Полюс,146450,14812.0,,
2021-05-07,PLZL,Полюс,261894,15070.5,,
2021-05-10,PLZL,Полюс,133855,15188.0,,
2021-05-11,PLZL,Полюс,150587,15220.5,,
2021-05-12,PLZL,Полюс,166548,14924.0,,
2021-05-13,PLZL,Полюс,115266,14888.5,,
2021-05-14,PLZL,Полюс,54785,14970.0,,
2021-05-17,PLZL,Полюс,136874,15339.0,,
2021-05-18,PLZL,Полюс,221063,15774.5,,
2021-05-19,PLZL,Полюс,184301,15700.0,,
2021-05-20,PLZL,Полюс,131297,15732.0,,
2021-05-21,PLZL,Полюс,101963,15698.5,,
2021-05-24,PLZL,Полюс,67658,15758.0,,
2021-05-25,PLZL,Полюс,91897,15849.5,,
2021-05-26,PLZL,Полюс,187427,16012.0,,
2021-05-27,PLZL,Полюс,254210,15997.0,,
2021-05-28,PLZL,Полюс,165519,15941.0,,
2021-05-31,PLZL,Полюс,96325,15850.5,,
2021-06-01,PLZL,Полюс,167525,16099.0,,
2021-06-02,PLZL,Полюс,146652,16103.5,,
2021-06-03,PLZL,Полюс,258870,16000.0,,
2021-06-04,PLZL,Полюс,161087,15583.0,,
2021-06-07,PLZL,Полюс,161514,15200.0,387.15,RUB
2021-06-08,PLZL,Полюс,151319,15197.0,,
2021-06-09,PLZL,Полюс,116989,15099.0,,
2021-06-10,PLZL,Полюс,135098,15025.0,,
2021-06-11,PLZL,Полюс,132594,14940.0,,
2021-06-14,PLZL,Полюс,111757,14786.0,,
2021-06-15,PLZL,Полюс,77486,14825.0,,
2021-06-16,PLZL,Полюс,97350,14650.5,,
2021-06-17,PLZL,Полюс,165886,14450.0,,
2021-06-18,PLZL,Полюс,168943,14514.5,,
2021-06-21,PLZL,Полюс,112505,14703.5,,
2021-06-22,PLZL,Полюс,137554,14752.5,,
2021-06-23,PLZL,Полюс,58158,14730.0,,
2021-06-24,PLZL,Полюс,137099,14401.0,,
2021-06-25,PLZL,Полюс,88066,14330.0,,
2021-06-28,PLZL,Полюс,56787,14355.0,,
2021-06-29,PLZL,Полюс,184146,13966.0,,
2021-06-30,PLZL,Полюс,116212,14241.0,,
2021-07-01,PLZL,Полюс,101879,14128.0,,
2021-07-02,PLZL,Полюс,102916,14277.5,,
2021-07-05,PLZL,Полюс,105354,14195.0,,
2021-07-06,PLZL,Полюс,106673,14205.5,,
2021-07-07,PLZL,Полюс,122144,14525.5,,
2021-07-08,PLZL,Полюс,126874,14549.0,,
2021-07-09,PLZL,Полюс,175274,14190.0,,
2021-07-12,PLZL,Полюс,60546,14182.5,,
2021-07-13,PLZL,Полюс,99175,14319.0,,
2021-07-14,PLZL,Полюс,88181,14275.0,,
2021-07-15,PLZL,Полюс,137871,14400.0,,
2021-07-16,PLZL,Полюс,103903,14056.0,,
2021-07-19,PLZL,Полюс,106224,14001.0,,
2021-07-20,PLZL,Полюс,86398,13845.5,,
2021-07-21,PLZL,Полюс,112027,13693.0,,
2021-07-22,PLZL,Полюс,59619,13891.0,,
2021-07-23,PLZL,Полюс,94262,13661.0,,
2021-07-26,PLZL,Полюс,58285,13724.0,,
2021-07-27,PLZL,Полюс,76338,13590.5,,
2021-07-28,PLZL,Полюс,92115,13775.0,,
2021-07-29,PLZL,Полюс,127710,14105.5,,
2021-07-30,PLZL,Полюс,90803,14000.0,,
2021-08-02,PLZL,Полюс,81002,13896.0,,
2021-08-03,PLZL,Полюс,53290,14030.0,,
2021-08-04,PLZL,Полюс,84979,14060.0,,
2021-08-05,PLZL,Полюс,69435,13940.5,,
2021-08-06,PLZL,Полюс,95927,13674.0,,
2021-08-09,PLZL,Полюс,90268,13558.5,,
2021-08-10,PLZL,Полюс,104049,13500.0,,
2021-08-11,PLZL,Полюс,134223,13400.5,,
2021-08-12,PLZL,Полюс,68061,13432.5,,
2021-08-13,PLZL,Полюс,70028,13492.5,,
2021-08-16,PLZL,Полюс,88073,13380.0,,
2021-08-17,PLZL,Полюс,148429,13561.0,,
2021-08-18,PLZL,Полюс,81662,13448.5,,
2021-08-19,PLZL,Полюс,151936,13577.5,,
2021-08-20,PLZL,Полюс,99097,13476.5,,
2021-08-23,PLZL,Полюс,65732,13728.5,,
2021-08-24,PLZL,Полюс,77433,13710.0,,
2021-08-25,PLZL,Полюс,60430,13565.5,,
2021-08-26,PLZL,Полюс,71781,13463.5,,
2021-08-27,PLZL,Полюс,74847,13529.0,,
2021-08-30,PLZL,Полюс,49913,13458.0,,
2021-08-31,PLZL,Полюс,237088,13259.5,,
2021-09-01,PLZL,Полюс,151542,13258.0,,
2021-09-02,PLZL,Полюс,165135,13311.0,,
2021-09-03,PLZL,Полюс,159864,13583.0,,
2021-09-06,PLZL,Полюс,61983,13518.0,,
2021-09-07,PLZL,Полюс,83109,13330.0,,
2021-09-08,PLZL,Полюс,155774,13283.0,,
2021-09-09,PLZL,Полюс,115215,13295.5,,
2021-09-10,PLZL,Полюс,85823,13162.0,,
2021-09-13,PLZL,Полюс,142838,12988.0,,
2021-09-14,PLZL,Полюс,173192,12905.0,,
2021-09-15,PLZL,Полюс,160466,12630.5,,
2021-09-16,PLZL,Полюс,223304,12425.0,,
2021-09-17,PLZL,Полюс,247666,12545.5,,
2021-09-20,PLZL,Полюс,317454,12880.0,,
2021-09-21,PLZL,Полюс,124682,12760.5,,
2021-09-22,PLZL,Полюс,97911,12735.5,,
2021-09-23,PLZL,Полюс,135204,12582.5,,
2021-09-24,PLZL,Полюс,111839,12340.5,,
2021-09-27,PLZL,Полюс,164093,12080.0,,
2021-09-28,PLZL,Полюс,133077,11882.0,,
2021-09-29,PLZL,Полюс,159055,11694.5,,
2021-09-30,PLZL,Полюс,176419,12048.0,,
2021-10-01,PLZL,Полюс,137604,11820.5,,
2021-10-04,PLZL,Полюс,141170,11932.0,,
2021-10-05,PLZL,Полюс,152434,12124.0,,
2021-10-06,PLZL,Полюс,162017,12159.5,,
2021-10-07,PLZL,Полюс,189370,12360.0,,
2021-10-08,PLZL,Полюс,194029,12381.0,,
2021-10-11,PLZL,Полюс,106266,12219.0,267.48,RUB
2021-10-12,PLZL,Полюс,183598,12711.0,,
2021-10-13,PLZL,Полюс,354701,13244.0,,
2021-10-14,PLZL,Полюс,355609,13688.0,,
2021-10-15,PLZL,Полюс,235755,13363.5,,
2021-10-18,PLZL,Полюс,168396,13453.5,,
2021-10-19,PLZL,Полюс,210408,13879.0,,
2021-10-20,PLZL,Полюс,342580,13850.0,,
2021-10-21,PLZL,Полюс,129362,14013.5,,
2021-10-22,PLZL,Полюс,226224,14261.0,,
2021-10-25,PLZL,Полюс,137673,14070.0,,
2021-10-26,PLZL,Полюс,133812,13662.0,,
2021-10-27,PLZL,Полюс,195643,14149.5,,
2021-10-28,PLZL,Полюс,194753,14090.0,,
2021-10-29,PLZL,Полюс,144676,13985.5,,
2021-11-01,PLZL,Полюс,82350,14150.0,,
2021-11-02,PLZL,Полюс,79009,14090.5,,
2021-11-03,PLZL,Полюс,134784,14066.5,,
2021-11-05,PLZL,Полюс,173582,14498.5,,
2021-11-08,PLZL,Полюс,228760,14858.0,,
2021-11-09,PLZL,Полюс,115625,14800.0,,
2021-11-10,PLZL,Полюс,239278,15117.0,,
2021-11-11,PLZL,Полюс,443935,15785.0,,
2021-11-12,PLZL,Полюс,402144,15972.0,,
2021-11-15,PLZL,Полюс,145130,15750.0,,
2021-11-16,PLZL,Полюс,200761,15776.5,,
2021-11-17,PLZL,Полюс,124549,15780.0,,
2021-11-18,PLZL,Полюс,113969,15804.5,,
2021-11-19,PLZL,Полюс,125950,15798.5,,
2021-11-22,PLZL,Полюс,373782,14904.0,,
2021-11-23,PLZL,Полюс,352860,14751.0,,
2021-11-24,PLZL,Полюс,321868,14280.5,,
2021-11-25,PLZL,Полюс,115586,14372.0,,
2021-11-26,PLZL,Полюс,268887,14194.5,,
2021-11-29,PLZL,Полюс,210173,13977.0,,
2021-11-30,PLZL,Полюс,390448,14170.0,,
2021-12-01,PLZL,Полюс,149114,13960.0,,
2021-12-02,PLZL,Полюс,117126,13776.0,,
2021-12-03,PLZL,Полюс,198189,13975.5,,
2021-12-06,PLZL,Полюс,84494,13738.0,,
2021-12-07,PLZL,Полюс,121336,13719.0,,
2021-12-08,PLZL,Полюс,95304,13555.0,,
2021-12-09,PLZL,Полюс,132918,13150.5,,
2021-12-10,PLZL,Полюс,131549,12943.0,,
2021-12-13,PLZL,Полюс,163279,12618.0,,
2021-12-14,PLZL,Полюс,164812,12393.5,,
2021-12-15,PLZL,Полюс,137705,12545.5,,
2021-12-16,PLZL,Полюс,153731,12850.0,,
2021-12-17,PLZL,Полюс,555124,13482.5,,
2021-12-20,PLZL,Полюс,203351,13232.0,,
2021-12-21,PLZL,Полюс,155498,13004.5,,
2021-12-22,PLZL,Полюс,139371,13026.0,,
2021-12-23,PLZL,Полюс,143017,12925.5,,
2021-12-24,PLZL,Полюс,69929,13010.0,,
2021-12-27,PLZL,Полюс,66374,13046.0,,
2021-12-28,PLZL,Полюс,117850,12960.5,,
2021-12-29,PLZL,Полюс,148646,12793.0,,
2021-12-30,PLZL,Полюс,111897,13087.0,,
2022-01-03,PLZL,Полюс,92344,12964.5,,
2022-01-04,PLZL,Полюс,101454,12996.0,,
2022-01-05,PLZL,Полюс,174902,12551.5,,
2022-01-06,PLZL,Полюс,180954,12315.0,,
2022-01-07,PLZL,Полюс,0,,,
2022-01-10,PLZL,Полюс,168316,12251.5,,
2022-01-11,PLZL,Полюс,122127,12381.0,,
2022-01-12,PLZL,Полюс,217747,12386.0,,
2022-01-13,PLZL,Полюс,171373,12233.0,,
2022-01-14,PLZL,Полюс,236457,11929.0,,
2022-01-17,PLZL,Полюс,221266,11607.0,,
2022-01-18,PLZL,Полюс,262724,11439.0,,
2022-01-19,PLZL,Полюс,514063,11949.5,,
2022-01-20,PLZL,Полюс,394329,11930.0,,
2022-01-21,PLZL,Полюс,344306,12310.0,,
2022-01-24,PLZL,Полюс,414549,12274.0,,
2022-01-25,PLZL,Полюс,243974,12109.0,,
2022-01-26,PLZL,Полюс,202933,11900.0,,
2022-01-27,PLZL,Полюс,276166,11797.5,,
2022-01-28,PLZL,Полюс,156014,11809.5,,
2022-01-31,PLZL,Полюс,183055,12230.0,,
2022-02-01,PLZL,Полюс,192635,12211.5,,
2022-02-02,PLZL,Полюс,107635,12320.0,,
2022-02-03,PLZL,Полюс,146272,12210.0,,
2022-02-04,PLZL,Полюс,162393,12118.5,,
2022-02-07,PLZL,Полюс,90810,12076.0,,
2022-02-08,PLZL,Полюс,130963,12050.0,,
2022-02-09,PLZL,Полюс,183199,12216.5,,
2022-02-10,PLZL,Полюс,200519,12302.0,,
2022-02-11,PLZL,Полюс,173050,12284.5,,
2022-02-14,PLZL,Полюс,298170,12799.0,,
2022-02-15,PLZL,Полюс,257947,12590.5,,
2022-02-16,PLZL,Полюс,181565,12910.5,,
2022-02-17,PLZL,Полюс,344387,13340.5,,
2022-02-18,PLZL,Полюс,288478,12894.0,,
2022-02-21,PLZL,Полюс,450150,12320.0,,
2022-02-22,PLZL,Полюс,505154,13014.0,,
2022-02-23,PLZL,Полюс,0,,,
2022-02-24,PLZL,Полюс,495258,9810.0,,
2022-02-25,PLZL,Полюс,282390,10633.0,,
2022-02-28,PLZL,Полюс,0,,,
2022-03-01,PLZL,Полюс,0,,,
2022-03-02,PLZL,Полюс,0,,,
2022-03-03,PLZL,Полюс,0,,,
2022-03-04,PLZL,Полюс,0,,,
2022-03-09,PLZL,Полюс,0,,,
2022-03-10,PLZL,Полюс,0,,,
2022-03-11,PLZL,Полюс,0,,,
2022-03-14,PLZL,Полюс,0,,,
2022-03-15,PLZL,Полюс,0,,,
2022-03-16,PLZL,Полюс,0,,,
2022-03-17,PLZL,Полюс,0,,,
2022-03-18,PLZL,Полюс,0,,,
2022-03-21,PLZL,Полюс,0,,,
2022-03-22,PLZL,Полюс,0,,,
2022-03-23,PLZL,Полюс,0,,,
2022-03-24,PLZL,Полюс,107835,12300.0,,
2022-03-25,PLZL,Полюс,38684,12200.0,,
2022-03-28,PLZL,Полюс,29277,11985.0,,
2022-03-29,PLZL,Полюс,68794,10982.5,,
2022-03-30,PLZL,Полюс,35224,12074.0,,
2022-03-31,PLZL,Полюс,86096,12727.0,,
2022-04-01,PLZL,Полюс,46559,12500.0,,
2022-04-04,PLZL,Полюс,38100,12950.5,,
2022-04-05,PLZL,Полюс,73072,13512.0,,
2022-04-06,PLZL,Полюс,73826,13450.0,,
2022-04-07,PLZL,Полюс,51319,13975.0,,
2022-04-08,PLZL,Полюс,33818,13636.0,,
2022-04-11,PLZL,Полюс,73247,14375.5,,
2022-04-12,PLZL,Полюс,92460,14392.5,,
2022-04-13,PLZL,Полюс,51142,14051.0,,
2022-04-14,PLZL,Полюс,49559,13365.0,,
2022-04-15,PLZL,Полюс,56798,13900.0,,
2022-04-18,PLZL,Полюс,31600,13700.0,,
2022-04-19,PLZL,Полюс,32241,13650.0,,
2022-04-20,PLZL,Полюс,27398,13848.0,,
2022-04-21,PLZL,Полюс,34978,13642.0,,
2022-04-22,PLZL,Полюс,13895,13400.0,,
2022-04-25,PLZL,Полюс,25419,12789.0,,
2022-04-26,PLZL,Полюс,33111,13005.0,,
2022-04-27,PLZL,Полюс,35920,13130.0,,
2022-04-28,PLZL,Полюс,44094,13262.0,,
2022-04-29,PLZL,Полюс,40304,13630.0,,
2022-05-04,PLZL,Полюс,25511,13498.0,,
2022-05-05,PLZL,Полюс,52264,13615.0,,
2022-05-06,PLZL,Полюс,17320,13485.0,,
2022-05-11,PLZL,Полюс,32634,13100.0,,
2022-05-12,PLZL,Полюс,26048,12757.0,,
2022-05-13,PLZL,Полюс,29034,12270.0,,
2022-05-16,PLZL,Полюс,50020,12335.0,,
2022-05-17,PLZL,Полюс,42075,12380.0,,
2022-05-18,PLZL,Полюс,40821,12351.0,,
2022-05-19,PLZL,Полюс,18896,12350.0,,
2022-05-20,PLZL,Полюс,29504,12000.0,,
2022-05-23,PLZL,Полюс,24936,11624.5,,
2022-05-24,PLZL,Полюс,37739,11461.0,,
2022-05-25,PLZL,Полюс,24725,11650.0,,
2022-05-26,PLZL,Полюс,30588,11666.0,,
2022-05-27,PLZL,Полюс,26688,11440.0,,
2022-05-30,PLZL,Полюс,35019,11800.0,,
2022-05-31,PLZL,Полюс,23153,11624.0,,
2022-06-01,PLZL,Полюс,24378,11567.0,,
2022-06-02,PLZL,Полюс,19069,11400.0,,
2022-06-03,PLZL,Полюс,31213,11145.0,,
2022-06-06,PLZL,Полюс,17893,11090.0,,
2022-06-07,PLZL,Полюс,49495,10849.0,,
2022-06-08,PLZL,Полюс,27438,10799.5,,
2022-06-09,PLZL,Полюс,31840,10680.0,,
2022-06-10,PLZL,Полюс,56356,10192.0,,
2022-06-14,PLZL,Полюс,40535,10300.0,,
2022-06-15,PLZL,Полюс,31015,10152.0,,
2022-06-16,PLZL,Полюс,39846,10245.0,,
2022-06-17,PLZL,Полюс,43427,10350.5,,
2022-06-20,PLZL,Полюс,70131,10228.0,,
2022-06-21,PLZL,Полюс,107424,9777.0,,
2022-06-22,PLZL,Полюс,100864,9609.5,,
2022-06-23,PLZL,Полюс,119727,9288.0,,
2022-06-24,PLZL,Полюс,81451,9431.5,,
2022-06-27,PLZL,Полюс,99382,9220.0,,
2022-06-28,PLZL,Полюс,61038,9101.0,,
2022-06-29,PLZL,Полюс,76766,9225.0,,
2022-06-30,PLZL,Полюс,102613,8850.0,,
2022-07-01,PLZL,Полюс,98412,8464.0,,
2022-07-04,PLZL,Полюс,169244,7997.5,,
2022-07-05,PLZL,Полюс,106655,8100.0,,
2022-07-06,PLZL,Полюс,92301,8020.0,,
2022-07-07,PLZL,Полюс,97282,8225.0,,
2022-07-08,PLZL,Полюс,74628,8376.0,,
2022-07-11,PLZL,Полюс,121258,8484.0,,
2022-07-12,PLZL,Полюс,79749,8320.0,,
2022-07-13,PLZL,Полюс,113175,8171.0,,
2022-07-14,PLZL,Полюс,50193,8182.0,,
2022-07-15,PLZL,Полюс,32672,8375.0,,
2022-07-18,PLZL,Полюс,39983,8271.5,,
2022-07-19,PLZL,Полюс,28182,8260.0,,
2022-07-20,PLZL,Полюс,33882,8179.5,,
2022-07-21,PLZL,Полюс,81978,7933.5,,
2022-07-22,PLZL,Полюс,94791,7717.0,,
2022-07-25,PLZL,Полюс,93572,7676.5,,
2022-07-26,PLZL,Полюс,61379,7998.5,,
2022-07-27,PLZL,Полюс,74322,8155.5,,
2022-07-28,PLZL,Полюс,78666,8242.5,,
2022-07-29,PLZL,Полюс,93195,8644.0,,
2022-08-01,PLZL,Полюс,206898,8527.0,,
2022-08-02,PLZL,Полюс,90794,8095.5,,
2022-08-03,PLZL,Полюс,179901,7813.0,,
2022-08-04,PLZL,Полюс,167515,7514.0,,
2022-08-05,PLZL,Полюс,183380,7261.0,,
2022-08-08,PLZL,Полюс,139421,7200.0,,
2022-08-09,PLZL,Полюс,204570,7100.0,,
2022-08-10,PLZL,Полюс,182716,7439.0,,
2022-08-11,PLZL,Полюс,186902,7475.5,,
2022-08-12,PLZL,Полюс,104308,7510.0,,
2022-08-15,PLZL,Полюс,79872,7610.0,,
2022-08-16,PLZL,Полюс,130074,7975.0,,
2022-08-17,PLZL,Полюс,111523,7855.0,,
2022-08-18,PLZL,Полюс,104371,7814.5,,
2022-08-19,PLZL,Полюс,64863,7890.0,,
2022-08-22,PLZL,Полюс,68270,7750.0,,
2022-08-23,PLZL,Полюс,51917,7820.0,,
2022-08-24,PLZL,Полюс,55682,7908.0,,
2022-08-25,PLZL,Полюс,117548,8001.0,,
2022-08-26,PLZL,Полюс,88988,8197.0,,
2022-08-29,PLZL,Полюс,69558,8198.0,,
2022-08-30,PLZL,Полюс,150282,8180.0,,
2022-08-31,PLZL,Полюс,98538,8320.0,,
2022-09-01,PLZL,Полюс,77369,8275.0,,
2022-09-02,PLZL,Полюс,72111,8378.5,,
2022-09-05,PLZL,Полюс,119725,8315.0,,
2022-09-06,PLZL,Полюс,535830,8050.0,,
2022-09-07,PLZL,Полюс,99360,7970.0,,
2022-09-08,PLZL,Полюс,62487,7975.0,,
2022-09-09,PLZL,Полюс,145711,8208.0,,
2022-09-12,PLZL,Полюс,81648,8314.5,,
2022-09-13,PLZL,Полюс,86363,8182.0,,
2022-09-14,PLZL,Полюс,68009,8152.0,,
2022-09-15,PLZL,Полюс,58254,8110.0,,
2022-09-16,PLZL,Полюс,77843,8032.0,,
2022-09-19,PLZL,Полюс,66290,8072.0,,
2022-09-20,PLZL,Полюс,240623,7448.0,,
2022-09-21,PLZL,Полюс,184654,7019.5,,
2022-09-22,PLZL,Полюс,148556,6949.5,,
2022-09-23,PLZL,Полюс,219072,6366.0,,
2022-09-26,PLZL,Полюс,227462,5572.5,,
2022-09-27,PLZL,Полюс,227021,5484.0,,
2022-09-28,PLZL,Полюс,186866,5390.0,,
2022-09-29,PLZL,Полюс,249550,5112.5,,
2022-09-30,PLZL,Полюс,318927,5018.0,,
2022-10-03,PLZL,Полюс,591451,5558.5,,
2022-10-04,PLZL,Полюс,703023,5999.0,,
2022-10-05,PLZL,Полюс,543589,5790.0,,
2022-10-06,PLZL,Полюс,228954,5812.0,,
2022-10-07,PLZL,Полюс,330781,5360.0,,
2022-10-10,PLZL,Полюс,356187,5300.0,,
2022-10-11,PLZL,Полюс,235532,5310.5,,
2022-10-12,PLZL,Полюс,180033,5210.0,,
2022-10-13,PLZL,Полюс,285643,5230.0,,
2022-10-14,PLZL,Полюс,196747,5119.0,,
2022-10-17,PLZL,Полюс,259889,5352.0,,
2022-10-18,PLZL,Полюс,629569,5570.0,,
2022-10-19,PLZL,Полюс,360736,5663.5,,
2022-10-20,PLZL,Полюс,532350,5943.0,,
2022-10-21,PLZL,Полюс,768090,6250.5,,
2022-10-24,PLZL,Полюс,418479,6213.0,,
2022-10-25,PLZL,Полюс,286768,6308.0,,
2022-10-26,PLZL,Полюс,440376,6114.0,,
2022-10-27,PLZL,Полюс,293580,6116.5,,
2022-10-28,PLZL,Полюс,268807,6030.5,,
2022-10-31,PLZL,Полюс,292971,6047.0,,
2022-11-01,PLZL,Полюс,159553,6056.0,,
2022-11-02,PLZL,Полюс,160703,5900.5,,
2022-11-03,PLZL,Полюс,205534,5908.0,,
2022-11-07,PLZL,Полюс,340992,6178.5,,
2022-11-08,PLZL,Полюс,523805,6508.5,,
2022-11-09,PLZL,Полюс,658618,6434.5,,
2022-11-10,PLZL,Полюс,405391,6715.0,,
2022-11-11,PLZL,Полюс,316370,6733.0,,
2022-11-14,PLZL,Полюс,205221,6682.0,,
2022-11-15,PLZL,Полюс,388339,6482.0,,
2022-11-16,PLZL,Полюс,203686,6634.0,,
2022-11-17,PLZL,Полюс,130684,6574.5,,
2022-11-18,PLZL,Полюс,74203,6575.0,,
2022-11-21,PLZL,Полюс,212749,6428.0,,
2022-11-22,PLZL,Полюс,347858,6741.5,,
2022-11-23,PLZL,Полюс,976054,7140.5,,
2022-11-24,PLZL,Полюс,502582,7068.0,,
2022-11-25,PLZL,Полюс,299921,7008.0,,
2022-11-28,PLZL,Полюс,415277,7150.5,,
2022-11-29,PLZL,Полюс,415618,7237.0,,
2022-11-30,PLZL,Полюс,316107,7338.5,,
2022-12-01,PLZL,Полюс,585511,7525.0,,
2022-12-02,PLZL,Полюс,650018,7504.5,,
2022-12-05,PLZL,Полюс,385906,7446.5,,
2022-12-06,PLZL,Полюс,251525,7382.0,,
2022-12-07,PLZL,Полюс,236455,7452.5,,
2022-12-08,PLZL,Полюс,177161,7402.0,,
2022-12-09,PLZL,Полюс,150444,7420.5,,
2022-12-12,PLZL,Полюс,99737,7418.0,,
2022-12-13,PLZL,Полюс,420371,7638.5,,
2022-12-14,PLZL,Полюс,374889,7738.0,,
2022-12-15,PLZL,Полюс,315982,7463.0,,
2022-12-16,PLZL,Полюс,225807,7525.5,,
2022-12-19,PLZL,Полюс,255897,7503.5,,
2022-12-20,PLZL,Полюс,362053,7803.0,,
2022-12-21,PLZL,Полюс,458173,7853.0,,
2022-12-22,PLZL,Полюс,283806,7760.5,,
2022-12-23,PLZL,Полюс,141784,7823.5,,
2022-12-26,PLZL,Полюс,136624,7809.0,,
2022-12-27,PLZL,Полюс,126253,7862.0,,
2022-12-28,PLZL,Полюс,101442,7770.0,,
2022-12-29,PLZL,Полюс,130845,7734.0,,
2022-12-30,PLZL,Полюс,113019,7692.0,,
2023-01-03,PLZL,Полюс,180375,7903.0,,
2023-01-04,PLZL,Полюс,161839,8014.5,,
2023-01-05,PLZL,Полюс,124266,7875.5,,
2023-01-06,PLZL,Полюс,145785,7905.0,,
2023-01-09,PLZL,Полюс,189192,7845.0,,
2023-01-10,PLZL,Полюс,124591,7876.0,,
2023-01-11,PLZL,Полюс,103052,7881.5,,
2023-01-12,PLZL,Полюс,132621,7934.0,,
2023-01-13,PLZL,Полюс,294338,8068.0,,
2023-01-16,PLZL,Полюс,299549,8228.0,,
2023-01-17,PLZL,Полюс,216465,8129.0,,
2023-01-18,PLZL,Полюс,163646,8155.0,,
2023-01-19,PLZL,Полюс,158990,8164.5,,
2023-01-20,PLZL,Полюс,97678,8174.5,,
2023-01-23,PLZL,Полюс,131783,8224.0,,
2023-01-24,PLZL,Полюс,404338,8435.0,,
2023-01-25,PLZL,Полюс,247464,8569.5,,
2023-01-26,PLZL,Полюс,419351,8766.0,,
2023-01-27,PLZL,Полюс,200047,8768.0,,
2023-01-30,PLZL,Полюс,673608,9252.5,,
2023-01-31,PLZL,Полюс,666765,9478.0,,
2023-02-01,PLZL,Полюс,1084265,9720.0,,
2023-02-02,PLZL,Полюс,645288,9449.0,,
2023-02-03,PLZL,Полюс,850812,9248.0,,
2023-02-06,PLZL,Полюс,314275,9342.0,,
2023-02-07,PLZL,Полюс,427163,9111.5,,
2023-02-08,PLZL,Полюс,388662,9218.5,,
2023-02-09,PLZL,Полюс,189302,9139.5,,
2023-02-10,PLZL,Полюс,151353,9123.5,,
2023-02-13,PLZL,Полюс,157625,9080.0,,
2023-02-14,PLZL,Полюс,282553,8931.5,,
2023-02-15,PLZL,Полюс,1014185,8375.0,,
2023-02-16,PLZL,Полюс,582271,8427.0,,
2023-02-17,PLZL,Полюс,412027,8667.0,,
2023-02-20,PLZL,Полюс,666283,8922.5,,
2023-02-21,PLZL,Полюс,619415,8963.5,,
2023-02-22,PLZL,Полюс,293322,8743.0,,
2023-02-24,PLZL,Полюс,174318,8788.0,,
2023-02-27,PLZL,Полюс,214138,8878.0,,
2023-02-28,PLZL,Полюс,278294,8788.5,,
2023-03-01,PLZL,Полюс,278952,8939.0,,
2023-03-02,PLZL,Полюс,334088,8836.0,,
2023-03-03,PLZL,Полюс,164090,8956.0,,
2023-03-06,PLZL,Полюс,138958,9003.5,,
2023-03-07,PLZL,Полюс,140933,8919.5,,
2023-03-09,PLZL,Полюс,136341,8892.5,,
2023-03-10,PLZL,Полюс,161038,8976.0,,
2023-03-13,PLZL,Полюс,709444,9395.0,,
2023-03-14,PLZL,Полюс,513122,9239.5,,
2023-03-15,PLZL,Полюс,568229,9268.5,,
2023-03-16,PLZL,Полюс,191282,9220.0,,
2023-03-17,PLZL,Полюс,328168,9412.0,,
2023-03-20,PLZL,Полюс,411778,9419.5,,
2023-03-21,PLZL,Полюс,184062,9310.0,,
2023-03-22,PLZL,Полюс,263240,9488.0,,
2023-03-23,PLZL,Полюс,260227,9488.0,,
2023-03-24,PLZL,Полюс,122087,9475.0,,
2023-03-27,PLZL,Полюс,196064,9408.5,,
2023-03-28,PLZL,Полюс,206583,9449.0,,
2023-03-29,PLZL,Полюс,90608,9427.5,,
2023-03-30,PLZL,Полюс,86674,9454.0,,
2023-03-31,PLZL,Полюс,141934,9441.5,,
2023-04-03,PLZL,Полюс,239842,9600.0,,
2023-04-04,PLZL,Полюс,250073,9725.0,,
2023-04-05,PLZL,Полюс,195487,9699.0,,
2023-04-06,PLZL,Полюс,124478,9589.5,,
2023-04-07,PLZL,Полюс,100126,9600.0,,
2023-04-10,PLZL,Полюс,120750,9666.5,,
2023-04-11,PLZL,Полюс,396062,9619.0,,
2023-04-12,PLZL,Полюс,142399,9673.0,,
2023-04-13,PLZL,Полюс,246769,9883.0,,
2023-04-14,PLZL,Полюс,285801,9835.0,,
2023-04-17,PLZL,Полюс,614728,10354.0,,
2023-04-18,PLZL,Полюс,310159,10421.5,,
2023-04-19,PLZL,Полюс,271102,10197.5,,
2023-04-20,PLZL,Полюс,240253,10411.0,,
2023-04-21,PLZL,Полюс,119569,10382.5,,
2023-04-24,PLZL,Полюс,218118,10540.0,,
2023-04-25,PLZL,Полюс,161628,10543.0,,
2023-04-26,PLZL,Полюс,118351,10543.0,,
2023-04-27,PLZL,Полюс,151099,10586.0,,
2023-04-28,PLZL,Полюс,227547,10404.0,,
2023-05-02,PLZL,Полюс,166239,10460.0,,
2023-05-03,PLZL,Полюс,200933,10319.5,,
2023-05-04,PLZL,Полюс,264958,10575.0,,
2023-05-05,PLZL,Полюс,163070,10474.0,,
2023-05-08,PLZL,Полюс,47832,10507.0,,
2023-05-10,PLZL,Полюс,235941,10742.5,,
2023-05-11,PLZL,Полюс,528499,10439.5,,
2023-05-12,PLZL,Полюс,130015,10454.0,,
2023-05-15,PLZL,Полюс,110382,10510.5,,
2023-05-16,PLZL,Полюс,91488,10512.5,,
2023-05-17,PLZL,Полюс,67619,10448.0,,
2023-05-18,PLZL,Полюс,107500,10337.5,,
2023-05-19,PLZL,Полюс,406326,10175.0,,
2023-05-22,PLZL,Полюс,137804,9954.0,,
2023-05-23,PLZL,Полюс,245267,10053.0,,
2023-05-24,PLZL,Полюс,107683,10128.0,,
2023-05-25,PLZL,Полюс,75911,10054.0,,
2023-05-26,PLZL,Полюс,81590,10201.5,,
2023-05-29,PLZL,Полюс,438082,10773.0,,
2023-05-30,PLZL,Полюс,244475,10512.0,,
2023-05-31,PLZL,Полюс,199543,10594.0,,
2023-06-01,PLZL,Полюс,94923,10622.5,,
2023-06-02,PLZL,Полюс,146729,10550.0,,
2023-06-05,PLZL,Полюс,336633,10182.0,,
2023-06-06,PLZL,Полюс,894524,10287.5,,
2023-06-07,PLZL,Полюс,213876,10315.0,,
2023-06-08,PLZL,Полюс,96933,10337.0,,
2023-06-09,PLZL,Полюс,58649,10313.0,,
2023-06-13,PLZL,Полюс,157638,10358.0,,
2023-06-14,PLZL,Полюс,111888,10395.0,,
2023-06-15,PLZL,Полюс,118437,10450.0,,
2023-06-16,PLZL,Полюс,239896,10671.0,436.79,RUB
2023-06-19,PLZL,Полюс,153412,10649.0,,
2023-06-20,PLZL,Полюс,370242,10980.0,,
2023-06-21,PLZL,Полюс,363747,11273.0,,
2023-06-22,PLZL,Полюс,455145,11151.5,,
2023-06-23,PLZL,Полюс,314908,10845.5,,
2023-06-26,PLZL,Полюс,327164,10795.5,,
2023-06-27,PLZL,Полюс,175864,10876.0,,
2023-06-28,PLZL,Полюс,101965,10861.0,,
2023-06-29,PLZL,Полюс,84515,10798.0,,
2023-06-30,PLZL,Полюс,80574,10804.0,,
2023-07-03,PLZL,Полюс,151066,10717.0,,
2023-07-04,PLZL,Полюс,90798,10720.0,,
2023-07-05,PLZL,Полюс,202564,10847.0,,
2023-07-06,PLZL,Полюс,131476,10780.0,,
2023-07-07,PLZL,Полюс,121705,10712.5,,
2023-07-10,PLZL,Полюс,3009192,10959.5,,
2023-07-11,PLZL,Полюс,746954,10756.0,,
2023-07-12,PLZL,Полюс,238585,10774.0,,
2023-07-13,PLZL,Полюс,165827,10728.0,,
2023-07-14,PLZL,Полюс,193791,10823.0,,
2023-07-17,PLZL,Полюс,305065,11152.0,,
2023-07-18,PLZL,Полюс,482528,11411.0,,
2023-07-19,PLZL,Полюс,335355,11438.0,,
2023-07-20,PLZL,Полюс,436531,11521.5,,
2023-07-21,PLZL,Полюс,165474,11546.0,,
2023-07-24,PLZL,Полюс,128801,11524.5,,
2023-07-25,PLZL,Полюс,148860,11643.0,,
2023-07-26,PLZL,Полюс,286754,11615.0,,
2023-07-27,PLZL,Полюс,122698,11659.5,,
2023-07-28,PLZL,Полюс,93444,11685.0,,
2023-07-31,PLZL,Полюс,156799,11892.0,,
2023-08-01,PLZL,Полюс,103067,11785.0,,
2023-08-02,PLZL,Полюс,74256,11799.5,,
2023-08-03,PLZL,Полюс,89214,11820.5,,
2023-08-04,PLZL,Полюс,155814,11622.5,,
2023-08-07,PLZL,Полюс,135101,11639.5,,
2023-08-08,PLZL,Полюс,118009,11504.5,,
2023-08-09,PLZL,Полюс,73095,11505.5,,
2023-08-10,PLZL,Полюс,117002,11697.5,,
2023-08-11,PLZL,Полюс,82077,11678.0,,
2023-08-14,PLZL,Полюс,159407,11471.0,,
2023-08-15,PLZL,Полюс,107365,11521.5,,
2023-08-16,PLZL,Полюс,131300,11268.5,,
2023-08-17,PLZL,Полюс,97027,11317.0,,
2023-08-18,PLZL,Полюс,134533,11588.0,,
2023-08-21,PLZL,Полюс,115541,11491.5,,
2023-08-22,PLZL,Полюс,63401,11420.0,,
2023-08-23,PLZL,Полюс,137544,11404.5,,
2023-08-24,PLZL,Полюс,58427,11468.0,,
2023-08-25,PLZL,Полюс,43122,11455.0,,
2023-08-28,PLZL,Полюс,161440,11748.0,,
2023-08-29,PLZL,Полюс,252158,11674.0,,
2023-08-30,PLZL,Полюс,63477,11670.5,,
2023-08-31,PLZL,Полюс,48876,11671.0,,
2023-09-01,PLZL,Полюс,160325,11824.0,,
2023-09-04,PLZL,Полюс,150827,12073.0,,
2023-09-05,PLZL,Полюс,141963,12037.0,,
2023-09-06,PLZL,Полюс,89303,11857.0,,
2023-09-07,PLZL,Полюс,145474,11653.5,,
2023-09-08,PLZL,Полюс,120602,11389.0,,
2023-09-11,PLZL,Полюс,111980,11395.5,,
2023-09-12,PLZL,Полюс,96827,11471.0,,
2023-09-13,PLZL,Полюс,59338,11488.5,,
2023-09-14,PLZL,Полюс,99712,11456.5,,
2023-09-15,PLZL,Полюс,79023,11593.5,,
2023-09-18,PLZL,Полюс,66045,11642.0,,
2023-09-19,PLZL,Полюс,107101,11352.0,,
2023-09-20,PLZL,Полюс,102629,11418.5,,
2023-09-21,PLZL,Полюс,113800,11161.0,,
2023-09-22,PLZL,Полюс,129647,11159.0,,
2023-09-25,PLZL,Полюс,59871,11032.0,,
2023-09-26,PLZL,Полюс,89385,11094.0,,
2023-09-27,PLZL,Полюс,57735,11223.0,,
2023-09-28,PLZL,Полюс,42693,11237.0,,
2023-09-29,PLZL,Полюс,130210,11418.0,,
2023-10-02,PLZL,Полюс,112167,11181.0,,
2023-10-03,PLZL,Полюс,94252,11396.0,,
2023-10-04,PLZL,Полюс,48626,11370.0,,
2023-10-05,PLZL,Полюс,46048,11362.5,,
2023-10-06,PLZL,Полюс,50192,11486.5,,
2023-10-09,PLZL,Полюс,72679,11627.0,,
2023-10-10,PLZL,Полюс,67698,11569.5,,
2023-10-11,PLZL,Полюс,93070,11457.0,,
2023-10-12,PLZL,Полюс,53899,11513.5,,
2023-10-13,PLZL,Полюс,86657,11686.0,,
2023-10-16,PLZL,Полюс,64391,11715.5,,
2023-10-17,PLZL,Полюс,95427,11849.5,,
2023-10-18,PLZL,Полюс,80442,11928.5,,
2023-10-19,PLZL,Полюс,102836,11887.5,,
2023-10-20,PLZL,Полюс,78793,11829.0,,
2023-10-23,PLZL,Полюс,46797,11797.0,,
2023-10-24,PLZL,Полюс,65204,11759.0,,
2023-10-25,PLZL,Полюс,63172,11756.0,,
2023-10-26,PLZL,Полюс,69207,11577.0,,
2023-10-27,PLZL,Полюс,73508,11726.0,,
2023-10-30,PLZL,Полюс,83590,11650.0,,
2023-10-31,PLZL,Полюс,89532,11323.0,,
2023-11-01,PLZL,Полюс,50003,11472.5,,
2023-11-02,PLZL,Полюс,39267,11400.5,,
2023-11-03,PLZL,Полюс,40235,11413.5,,
2023-11-06,PLZL,Полюс,59974,11363.5,,
2023-11-07,PLZL,Полюс,63433,11351.5,,
2023-11-08,PLZL,Полюс,90314,11294.5,,
2023-11-09,PLZL,Полюс,87710,11285.5,,
2023-11-10,PLZL,Полюс,87464,11179.0,,
2023-11-13,PLZL,Полюс,79770,11256.0,,
2023-11-14,PLZL,Полюс,76285,11308.5,,
2023-11-15,PLZL,Полюс,45576,11263.0,,
2023-11-16,PLZL,Полюс,39909,11207.0,,
2023-11-17,PLZL,Полюс,99479,11220.0,,
2023-11-20,PLZL,Полюс,36320,11209.0,,
2023-11-21,PLZL,Полюс,64165,11338.5,,
2023-11-22,PLZL,Полюс,84386,11313.0,,
2023-11-23,PLZL,Полюс,36573,11339.5,,
2023-11-24,PLZL,Полюс,75473,11205.0,,
2023-11-27,PLZL,Полюс,48270,11001.5,,
2023-11-28,PLZL,Полюс,73549,11195.0,,
2023-11-29,PLZL,Полюс,57789,11079.5,,
2023-11-30,PLZL,Полюс,109979,10798.0,,
2023-12-01,PLZL,Полюс,165498,10971.5,,
2023-12-04,PLZL,Полюс,126798,10710.0,,
2023-12-05,PLZL,Полюс,56846,10752.5,,
2023-12-06,PLZL,Полюс,75240,10551.5,,
2023-12-07,PLZL,Полюс,89072,10602.0,,
2023-12-08,PLZL,Полюс,89637,10508.0,,
2023-12-11,PLZL,Полюс,140713,10050.5,,
2023-12-12,PLZL,Полюс,163501,9976.0,,
2023-12-13,PLZL,Полюс,94392,10061.0,,
2023-12-14,PLZL,Полюс,110617,9885.0,,
2023-12-15,PLZL,Полюс,80452,10194.0,,
2023-12-18,PLZL,Полюс,77187,10242.5,,
2023-12-19,PLZL,Полюс,145852,10403.5,,
2023-12-20,PLZL,Полюс,121708,10626.5,,
2023-12-21,PLZL,Полюс,105477,10593.5,,
2023-12-22,PLZL,Полюс,106132,10555.5,,
2023-12-25,PLZL,Полюс,65256,10496.5,,
2023-12-26,PLZL,Полюс,87236,10613.0,,
2023-12-27,PLZL,Полюс,62333,10670.0,,
2023-12-28,PLZL,Полюс,89860,10619.5,,
2023-12-29,PLZL,Полюс,45115,10674.5,,
2024-01-03,PLZL,Полюс,53721,10830.0,,
2024-01-04,PLZL,Полюс,24870,10862.5,,
2024-01-05,PLZL,Полюс,16200,10800.0,,
2024-01-08,PLZL,Полюс,48800,10900.0,,
2024-01-09,PLZL,Полюс,55728,10898.5,,
2024-01-10,PLZL,Полюс,31929,10809.0,,
2024-01-11,PLZL,Полюс,99210,10851.5,,
2024-01-12,PLZL,Полюс,138223,10999.0,,
2024-01-15,PLZL,Полюс,60405,11049.0,,
2024-01-16,PLZL,Полюс,35792,10995.5,,
2024-01-17,PLZL,Полюс,33764,10966.0,,
2024-01-18,PLZL,Полюс,58891,11030.5,,
2024-01-19,PLZL,Полюс,52723,11003.0,,
2024-01-22,PLZL,Полюс,38166,11063.0,,
2024-01-23,PLZL,Полюс,24213,11052.0,,
2024-01-24,PLZL,Полюс,61912,10936.0,,
2024-01-25,PLZL,Полюс,53880,10951.5,,
2024-01-26,PLZL,Полюс,27696,10958.0,,
2024-01-29,PLZL,Полюс,28536,10981.0,,
2024-01-30,PLZL,Полюс,71475,11077.5,,
2024-01-31,PLZL,Полюс,154857,11413.0,,
2024-02-01,PLZL,Полюс,143794,11373.0,,
2024-02-02,PLZL,Полюс,52840,11295.0,,
2024-02-05,PLZL,Полюс,37898,11320.0,,
2024-02-06,PLZL,Полюс,29386,11310.0,,
2024-02-07,PLZL,Полюс,61147,11390.0,,
2024-02-08,PLZL,Полюс,137452,11152.0,,
2024-02-09,PLZL,Полюс,76545,11167.0,,
2024-02-12,PLZL,Полюс,57597,11111.0,,
2024-02-13,PLZL,Полюс,40335,11080.0,,
2024-02-14,PLZL,Полюс,70166,10999.0,,
2024-02-15,PLZL,Полюс,68058,11038.0,,
2024-02-16,PLZL,Полюс,119109,10846.0,,
2024-02-19,PLZL,Полюс,81261,10927.5,,
2024-02-20,PLZL,Полюс,99649,10735.5,,
2024-02-21,PLZL,Полюс,91563,10728.0,,
2024-02-22,PLZL,Полюс,56017,10774.0,,
2024-02-26,PLZL,Полюс,67648,11002.0,,
2024-02-27,PLZL,Полюс,66907,10904.5,,
2024-02-28,PLZL,Полюс,58697,11045.5,,
2024-02-29,PLZL,Полюс,168423,11014.0,,
2024-03-01,PLZL,Полюс,75433,11005.0,,
2024-03-04,PLZL,Полюс,287693,11592.0,,
2024-03-05,PLZL,Полюс,250711,11365.5,,
2024-03-06,PLZL,Полюс,252384,11752.0,,
2024-03-07,PLZL,Полюс,152870,11702.5,,
2024-03-11,PLZL,Полюс,106925,11741.5,,
2024-03-12,PLZL,Полюс,87500,11646.0,,
2024-03-13,PLZL,Полюс,118552,11870.0,,
2024-03-14,PLZL,Полюс,125580,11752.5,,
2024-03-15,PLZL,Полюс,98749,11760.0,,
2024-03-18,PLZL,Полюс,88649,11673.0,,
2024-03-19,PLZL,Полюс,104176,11534.0,,
2024-03-20,PLZL,Полюс,125865,11759.5,,
2024-03-21,PLZL,Полюс,170505,11666.0,,
2024-03-22,PLZL,Полюс,192903,11406.0,,
2024-03-25,PLZL,Полюс,124685,11481.0,,
2024-03-26,PLZL,Полюс,95172,11573.5,,
2024-03-27,PLZL,Полюс,145355,11523.0,,
2024-03-28,PLZL,Полюс,139728,11716.5,,
2024-03-29,PLZL,Полюс,308683,11985.0,,
2024-04-01,PLZL,Полюс,405623,12450.0,,
2024-04-02,PLZL,Полюс,410699,13000.0,,
2024-04-03,PLZL,Полюс,532087,13313.5,,
2024-04-04,PLZL,Полюс,243009,13105.0,,
2024-04-05,PLZL,Полюс,531898,13363.5,,
2024-04-08,PLZL,Полюс,299838,13455.0,,
2024-04-09,PLZL,Полюс,474746,13920.0,,
2024-04-10,PLZL,Полюс,217862,13710.5,,
2024-04-11,PLZL,Полюс,244822,14158.0,,
2024-04-12,PLZL,Полюс,866805,14562.5,,
2024-04-15,PLZL,Полюс,414555,14569.5,,
2024-04-16,PLZL,Полюс,177102,14469.0,,
2024-04-17,PLZL,Полюс,203502,14130.5,,
2024-04-22,PLZL,Полюс,258657,13861.0,,
2024-04-23,PLZL,Полюс,249707,13600.0,,
2024-04-24,PLZL,Полюс,173279,13311.0,,
2024-04-25,PLZL,Полюс,203670,13592.0,,
2024-04-26,PLZL,Полюс,142343,13784.5,,
2024-04-27,PLZL,Полюс,66286,13712.5,,
2024-04-29,PLZL,Полюс,57049,13577.5,,
2024-04-30,PLZL,Полюс,128235,13226.0,,
2024-05-02,PLZL,Полюс,100911,13301.0,,
2024-05-03,PLZL,Полюс,134833,13202.5,,
2024-05-06,PLZL,Полюс,179189,13635.0,,
2024-05-07,PLZL,Полюс,92652,13515.0,,
2024-05-08,PLZL,Полюс,51533,13489.0,,
2024-05-10,PLZL,Полюс,203884,13910.0,,
2024-05-13,PLZL,Полюс,114107,13950.0,,
2024-05-14,PLZL,Полюс,85562,13905.0,,
2024-05-15,PLZL,Полюс,189692,14335.0,,
2024-05-16,PLZL,Полюс,108875,14170.0,,
2024-05-17,PLZL,Полюс,122816,14355.5,,
2024-05-20,PLZL,Полюс,257719,14498.0,,
2024-05-21,PLZL,Полюс,131503,14467.0,,
2024-05-22,PLZL,Полюс,171930,13915.5,,
2024-05-23,PLZL,Полюс,241632,13938.5,,
2024-05-24,PLZL,Полюс,164413,13770.0,,
2024-05-27,PLZL,Полюс,202887,13371.0,,
2024-05-28,PLZL,Полюс,233698,13085.0,,
2024-05-29,PLZL,Полюс,641644,12809.0,,
2024-05-30,PLZL,Полюс,184789,12560.0,,
2024-05-31,PLZL,Полюс,211815,12280.0,,
2024-06-03,PLZL,Полюс,338631,12556.5,,
2024-06-04,PLZL,Полюс,190749,12319.5,,
2024-06-05,PLZL,Полюс,150286,12460.0,,
2024-06-06,PLZL,Полюс,118566,12598.5,,
2024-06-07,PLZL,Полюс,197307,12367.5,,
